,SYLLABARY,PRONUNCIATION,POS,DEFINITIONS,HFRANCIS LIST VERIFIED,TLW Notes
ENTRY,ᎠᎢ,aʔi,vi,He is walking.,,
,ᎦᎢ,gaʔi,,,"MJ is on pg 49 of verbs DOC
swallowing",
,-,,,,,
,ᎠᎢᏐᎢ,aʔi:sóʔi,,,,
,-,,,,,
,-,,,,,
note,"ᎢᎾᎨ <u>ᎠᎢᏒᎩ</u>.
He <u>was walking</u> in the fields.
[ᏧᏁᎶᏗ ᏚᏂᎩᏒᏒᎢ]",,,,,
,,,,,,
ENTRY,ᎠᎦᎵᎭ,aga:líha,vi,It (the sun) is shining.,,
,-,,,,,
,ᎤᎦᎵᏒᎢ,u:ga:lǐ:hsv̌ʔi,,,,
,ᎠᎦᎵᏍᎪᎢ,aga:lǐ:hsgóʔi,,,,
,ᏩᎦᎵᎯ,waga:líhi,,,,
,ᎤᎦᎵᎯᏍᏗ,u:ga:líhisdi,,,,
note,"… ᏃᏊᎴ <u>ᎤᎦᎵᏍᎬ</u> ᎠᎧᏲᏗᏍᎪᎢ ᎠᎹ.
… and then when <u>it is shined on by the sun</u> the water is dried by the sun.
[ᏣᎳᎩ ᏔᎵᏁ ᏗᏂᏂᏙᎯ ᏗᏕᏲᏙᏗ]",,,,,
,,,,,,
ENTRY,ᎠᎦᎵᏍᎦ,agaʔli:sga,vt,He is cutting off something flexible.,x,
,ᏥᎦᎵᏍᎦ,jigaʔlisga,,,,
,ᎤᎦᎵᏒᎢ,u:gaʔli:sv̌ʔi,,,,
,ᎠᎦᎵᏍᎪᎢ,agaʔli:sgóʔi,,,,
,ᎯᎦᎵᎦ,higaʔliʔga,,,,
,ᎤᎦᎵᏍᏗ,u:gaʔli:sdi,,,,
,,,,,,
ENTRY,ᎠᎦᎾᏬᎯᏍᏗ,aga:nawohisdi,n,Heater.,,
,,,,,,
ENTRY,ᎠᎦᏁᏍᏗ,a:gane:sdi,n,Button.,,
,,,,,,
ENTRY,ᎠᎦᏍᎩ,a:gasgi,n,Rain.,,
,,,,,,
ENTRY,ᎠᎦᏍᎬᏂᏓ,aksgvni:da,n,"His left.;
Left-handedness.",,
,ᏥᎦᏍᎬᏂᏓ,*jiksgvni:da,,,,
,,,,,,
ENTRY,ᎠᎦᏐᏗᎭ,a:gasǒ:hdiha,vi,He is going down hill.,x,Francis doesn't show 1st pers sing. fwiw 
,ᎦᎦᏐᏗᎭ,ga:gasoʔdiha,,,,
,ᎤᎦᏐᏔᏅᎢ,u:gasǒ:htanv̌ʔi,,,,
,ᎠᎦᏐᏗᏍᎪᎢ,a:gasǒ:hdisgóʔi,,,,
,ᎭᎦᏐᏓ,ha:gasǒ:hda,,,,
,ᎤᎦᏐᏙᏗ,u:gasǒ:hdo:hdi,,,,
,,,,,,
ENTRY,ᎠᎦᏓ,aga:da,pt,Much.,,
,,,,,,
ENTRY,ᎠᎦᏔ,akta,n,Eye ball.,,
,,,,,,
ENTRY,ᎠᎦᏔᎭ,akta:ha,vt,He is knowing it.,x,
,ᏥᎦᏔᎭ,jiga:ta:ha,,,,
,-,,,,,
,ᎠᎦᏔᎰᎢ,akta:hóʔi,,,,
,-,,,,,
,-,,,,,
note,"ᎤᏙᎯᏳᎯᏯ, ᎤᏛᏅ ᏧᏁᎶᏗ, <u>ᎥᏝ ᏱᏥᎦᏔᎭ</u>.
Truly, said <em>Christian</em>, <u>I do not know</u>.
[ᏧᏁᎶᏗ ᏚᏂᎩᏒᏒᎢ]",,,,,
,,,,,,
ENTRY,ᎠᎦᏔᎲᎠ,a:kta:hvʔa,vi,He is turning.,x,???
,ᎦᎦᏔᎲᎠ,ga:gata:hvʔa,,,Francis not syncoping ṿ,
,ᎤᎦᏔᎲᏒᎢ,u:kta:hvsv̌ʔi,,,,
,ᎠᎦᏔᎲᏍᎪᎢ,a:kta:hvsgóʔi,,,,
,ᎭᎦᏔᎲᎾ,ha:kta:hvna,,,,
,ᎤᎦᏔᎲᏍᏗ,u:kta:hvsdi,,,,
note,"ᎾᏍᎩᏃ ᏄᏪᏒ <u>ᎤᎦᏔᎲᏒᎩ</u>; ᎠᎴ ᎤᎪᎲᎩ ᏥᏌ ᎦᏙᎬᎩ, ᎠᎴ ᎥᏝ ᏳᏬᎵᏤ ᏥᏌ ᎨᏒᎢ.
and these things having said, <u>she turned backward</u>, and seeth Jesus standing, and she had not known that it is Jesus.
[ᏣᏂ 20:14]",,,,,
,,,,,,
ENTRY,ᎠᎦᏖᎾ,agate:na,n,Lace.,,
,,,,,,
ENTRY,ᎠᎦᏘᏯ,akti:ya,vt,"He is watching for him, it.;
He is waiting for him, it.;
He is watching over him, it.",x,"HFrancis lists as ""doesn't fit"""
,ᏥᎦᏘᏯ,jiga:ti:ya,,,,
,ᎤᎦᏘᏛᎢ,ukti:dʔv̌ʔi,,,,
,ᎠᎦᏘᏲᎢ,akti:yóʔi,,,,
,ᎯᎦᏘᏗ,hikti:di,,,,
,ᎤᎦᏘᏗᏍᏗ,ukti:disdi,,,,
note,"ᏱᎰᏩᏃ ᎯᎠ ᏄᏪᏎᎴ ᎨᏂ, ᎭᏢ ᎡᏣᏅᏟ ᎡᏈᎵ? ᎯᎠᏃ ᏄᏪᏎᎢ, Ꮭ ᏱᏥᎦᏔᎭ: ᏥᎪ ᎠᏴ ᎥᎩᏅᏟ <u>ᏥᎦᏘᏯ</u>?
And Jehovah saith unto Cain, 'Where [is] Abel thy brother?' and he saith, 'I have not known; my brother's <u>keeper -- I</u>?'
[ᎼᏏ ᎢᎬᏱᏱ 4:9]",,,,,
,,,,,,
ENTRY,ᎠᎦᏙᎵ,akto:li,n,His eye.,,
,ᏗᎦᏙᎵ,dikto:li,,,,
,ᏥᎦᏙᎵ,*jikto:li,,,,
,ᏗᏥᎦᏙᎵ,*dijikto:li,,,,
note,"<u>ᏗᎦᏙᎵ</u> ᎦᎸᎳᏗ ᏧᏫᏓᎧᏃ ᎾᏍᎩᏯ ᏂᏚᏩᏅᎩ.
“It had <u>eyes</u> lifted up to Heaven.”
[ᏧᏁᎶᏗ ᏚᏂᎩᏒᏒᎢ]",,,,,
,,,,,,
ENTRY,ᎠᎦᏙᏍᏗᎭ,a:kto:sdiha,vt,He is looking at it.,x, 
,ᎦᎦᏙᏍᏗᎭ,ga:kdo:sdiha,,,,
,ᎤᏩᎦᏙᏍᏓᏅᎢ,u:wa:kto:sdanv̌ʔi,,,,u- + a: vowel stem = uwa:  fixed
,ᎠᎦᏙᏍᏗᏍᎪᎢ,a:kto:sdisgóʔi,,,,
,ᎭᎦᏙᏍᏓ,ha:kto:sda,,,,
,ᎤᏩᎦᏙᏍᏙᏗ,u:wa:kto:sdo:hdi,,,,u- + a: vowel stem = uwa:  fixed
,,,,,,
ENTRY,ᎤᎦᏛᎲᏍᎦ,u:kdv́:hv:hsga,vt,"He is investigating, examining, checking, exploring it.",x,"Fixed King's typo - 3rd S should be ""u"". Set B verb."
,ᎠᎩᎦᏛᎥᏍᎦ,à:gikdv́:hv:hsga,,,,Set B pronouns don't trigger metathesis
,ᎤᎦᏛᏅᎢ,u:kdv́:hnv̌ʔi,,,,
,ᎠᎦᏛᎲᏍᎪᎢ,akdv́:hv:hsgóʔi,,,,
,ᏣᎦᏛᎲᎦ,*ja:kdv́:hvʔga,,,,
,ᎤᎦᏛᏗ,u:kdv́:hdi,,,,
Note,"ᎦᎾᎦᏘ <u>ᏚᎦᏛᎲᏍᎪ</u> ᏘᎦᏙᎵ. 
The doctor <u>investigates</u> your eyes. 
[ᏣᎳᎩ ᏔᎵᏁ ᏗᏂᏂᏙᎯ ᏗᏕᏲᏙᏗ]",,,,,
,,,,,,
ENTRY,ᎠᎦᏛᎴᎭ,aktv́ʔle:ha,vt,"He is going through.;
He is passing a grade.",x,"HFrancis ""doesn't fit"".  Matches CED"
,ᏥᎦᏛᎴᎭ,jigaʔtv́ʔle:ha,,,,
,ᎤᎦᏛᎴᏒᎢ,u:ktv́ʔle:sv̌ʔi,,,,
,ᎠᎦᏛᎴᏍᎪᎢ,aktv́ʔle:sgóʔi,,,,
,ᎯᎦᏛᎴᎯ,hiktv́ʔle:hi,,,,
,ᎤᎦᏛᎴᏍᏗ,u:ktv́ʔle:sdi,,,,
,,,,,,
ENTRY,ᎠᎦᏥᏅᎪᎦ,a:ga:jinvgo:ga,vi,It is rusting.,,
,-,,,,,
,ᎤᎦᏥᏅᎪᏨᎢ,u:ga:jinvgo:jv̌ʔi,,,,
,ᎠᎦᏥᏅᎪᎪᎢ,a:ga:jinvgo:góʔi,,,,
,ᏩᎦᏥᏅᎪᎡᏍᏗ,wa:ga:jinvgo:esdi,,,,
,ᎤᎦᏥᏅᎪᎢᏍᏗ,u:ga:jinvgoʔi:sdi,,,,
,,,,,,
ENTRY,ᎠᎦᏳᎳᏗ,aga:hyula:di,n,"Seine, Net.",,
,,,,,,
ENTRY,ᎠᎦᏴᎵ,agayv:li,adj,One thousand.,,
note,"ᎯᎠᏃ ᎾᏂᎥᎩ, ᎠᏍᎪᎯ ᎢᏯᎦᏴᎵ ᎤᎶᏏᎶᏛ ᎠᏍᎪᎯ ᎢᏯᎦᏴᎵ, ᎠᎴ <u>ᎠᎦᏴᎵ</u> ᎤᎦᏴᎳᏥᎶᏛ.
— and the number of them was myriads of myriads, and <u>thousands</u> of thousands —
[ᎠᏥᎾᏄᎪᏫᏎᎸᎢ 5:11]",,,,,
,,,,,,
ENTRY,ᎠᎦᏴᎵᎨᎢ,agayv:ligeʔi,n,"Woman, Elderly.",,
,ᏥᎦᏴᎵᎨᎢ,jigayv:ligeʔi,,,,
note,"… ᎠᎴ ᎢᏧᎳ ᎿᏉ <u>ᎠᏂᎦᏴᎵᎨ</u> ᎨᏎᎢ.
… and both were <u>advanced in their days</u>.
[ᎷᎦ 1:7]",,,,,
,,,,,,
ENTRY,ᎠᎧᎯᏱᎠ,akahi:yiʔa,vt,He is leaving it (something alive).,,
,ᏥᎧᎢᏱᎠ,ji:kaʔi:yiʔa,,,,
,ᎤᎧᎯᏴᎢ,u:kahi:yv̌ʔi,,,,
,ᎠᎧᎯᏱᏍᎪᎢ,akahi:yisgóʔi,,,,
,ᎯᎧᎯᏯ,hi:kahi:ya,,,,
,ᎤᎧᎯᏱᏍᏗ,u:kahi:yisdi,,,,
,,,,,,
ENTRY,ᎠᎧᎲᎠ,akahvʔa,vt,He is moving it (something solid).;,x,"King shows /kạhṿ/ ""move (solid) with a short ṿ and /kạhv/ ""push (anim)"" with a long v 
I recommend at least 2 entries.  "
,ᏥᎧᎥᎠ,jikaʔvʔa,,,Francis Doc shows plurals + non-plurals.,
,ᎤᎧᎲᏒᎢ,u:kahvsv̌ʔi,,,Francis shows three non-merged entries for this one.,
,ᎠᎧᎲᏍᎪᎢ,akahvsgóʔi,,,,
,ᎯᎧᎲᎾ,hikahvna,,,,
,ᎤᎧᎲᏍᏗ,u:kahvsdi,,,,
,,,,,,
ENTRY,ᎠᎧᎲᎠ,akahvʔa,vt,"He is pushing it (something alive) aside.;
He is clearing it (something alive) away.",x,"New entry for ""push, clear away"" 
I recommend at least 2 entries.  "
,ᏥᎧᎥᎠ,ji:kaʔvʔa,,,Francis Doc shows plurals + non-plurals.,
,ᎤᎧᎲᏒᎢ,u:kahv:sv̌ʔi,,,Francis shows three non-merged entries for this one.,
,ᎠᎧᎲᏍᎪᎢ,akahv:sgóʔi,,,,
,ᎯᎧᎲᎾ,hi:kahv:na,,,,
,ᎤᎧᎲᏍᏗ,u:kahv:sdi,,,,
,,,,,,
ENTRY,ᎠᎧᎲᎠ,a:kahvʔa,vt,He is moving it (something alive).,,
,ᏥᏯᎧᎥᎠ,ji:ya:kaʔvʔa,,,,
,ᎤᎧᎲᏒᎢ,u:kahvsv̌ʔi,,,,
,ᎠᎧᎲᏍᎪᎢ,a:kahvsgóʔi,,,,
,ᎯᏯᎧᎥᎾ,hi:ya:kaʔvna,,,,
,ᎤᎧᎲᏍᏗ,u:kahvsdi,,,,
,,,,,,
ENTRY,ᎠᎧᎵᎢᎭ,akaliʔiha,vt,He is filling it.,,
,ᏥᎧᎵᎢᎭ,jikaliʔiha,,,,
,ᎤᎧᎵᎸᎢ,u:kaliʔlv̌ʔi,,,,
,ᎠᎧᎵᎢᎰᎢ,akaliʔihóʔi,,,,
,ᎯᎧᎵᏣ,hikali:ja,,,,
,ᎤᎧᎵᎢᏍᏗ,u:kaliʔisdi,,,,
note,"ᏂᎦᎥᏰᏃ ᏗᎧᎿᏩᏛᏍᏗ ᏚᎵᏁᏨ ᏌᏉᏉ ᎢᎧᏁᏨᎯ <u>ᎠᎧᎵᎢᎭ</u>, ᎯᎠᏉ ᎾᏍᎩ, ᎾᎥ ᎢᏗᏍᏓᏓᎳ ᎯᎨᏳᏎᏍᏗ ᎾᏍᎩᏯ ᏨᏒ ᏂᏣᏓᎨᏳᏒᎢ.
for all the law in one word is <u>fulfilled</u> — in this: ‘Thou shalt love thy neighbour as thyself;’
[ᎨᎴᏏᏱ 5:14]",,,,,
,,,,,,
ENTRY,ᎠᎧᏁᎭ,aka:ne:ha,vt,He is giving it (something alive) to him.,,
,ᏥᎧᏁᎠ,ji:ka:neʔa,,,,
,ᎤᎧᏁᎸᎢ,u:ka:nelv̌ʔi,,,,
,ᎠᎧᏁᎰᎢ,aka:ne:hóʔi,,,,
,ᎯᎧᎥᏍᏗ,hi:kaʔv:sdi,,,,
,ᎤᎧᏁᏗ,u:ka:nhdi,,,,
,,,,,,
ENTRY,ᎠᎧᏁᎵ,aka:ne:li,vt,He is taking it (something alive) to him.,,
,ᏥᎧᏁᎵ,ji:ka:ne:li,,,,
,ᎤᎧᏁᎸᎢ,u:ka:neʔlv̌ʔi,,,,
,ᎠᎧᏁᎵᏐᎢ,aka:ne:li:sóʔi,,,,
,ᎯᎧᏁᎷᎦ,hi:ka:ne:lu:ga,,,,
,ᎤᎧᏁᎵᏗ,u:ka:ne:hldi,,,,
,,,,,,
ENTRY,ᎠᎧᏂ,akani,vt,He is returning an animal.,,
,ᏥᎦᏂ,jigaʔni,,,,
,ᎤᎧᏁᏒᎢ,u:kanesv̌ʔi,,,,
,ᎠᎧᏂᏐᎢ,akani:sóʔi,,,,
,ᎯᎧᏄᎦ,hikanu:ga,,,,
,ᎤᎧᏅᏍᏗ,u:kanvsdi,,,,
,,,,,,
ENTRY,ᎠᎧᏅᎢ,aka:nvʔi,n,His eye.,,
,ᏓᎧᏅᎢ,daka:nvʔi,,,,
,ᏥᎧᏅᎢ,jika:nvʔi,,,,
,ᏕᏥᎧᏅᎢ,de:jika:nvʔi,,,,
note,"ᎥᎵᏃ, ᏧᏓ ᎢᎬᏱ ᎡᎯ ᎤᏪᏥ ᎠᏍᎦᎾᎯᏳ ᎨᏎ ᏱᎰᏩ <u>ᏓᎧᏅᎢ</u>; ᏱᎰᏩᏃ ᎤᎴᎢ.
and Er, Judah's first-born, is evil in the <u>eyes</u> of Jehovah, and Jehovah doth put him to death.
[ᎼᏏ ᎢᎬᏱᏱ 38:7]",,,,,
,,,,,,
ENTRY,ᎠᎧᏍᎨᏂ,aka:sge:ni,n,His hip.,,
,ᏗᎧᏍᎨᏂ,dika:sge:ni,,,,
,ᏥᎧᏍᎨᏂ,jika:sge:ni,,,,
,ᏗᏥᎧᏍᎨᏂ,dijika:sge:ni,,,,
,,,,,,
ENTRY,ᎠᎧᏎᏍᏗᎭ,a:kásesdiha,vt,He is watching it.,,
,ᎦᎧᏎᏍᏗᎭ,ga:kásesdiha,,,,
,ᎤᎧᏎᏍᏓᏅᎢ,u:kásesdaʔnv̌ʔi,,,,
,ᎠᎧᏎᏍᏗᏍᎪᎢ,a:kásesdisgóʔi,,,,
,ᎭᎧᏎᏍᏓ,ha:kásesda,,,,
,ᎤᎧᏎᏍᏙᏗ,u:kásesdo:hdi,,,,
,,,,,,
ENTRY,ᎠᎧᏘᎭ,a:kátiha,vi,He is peeking.,,
,ᎦᎧᏗᎭ,ga:kádiha,,,,
,ᎤᎧᏔᏅᎢ,u:káta:nv̌ʔi,,,,
,ᎠᎧᏘᏍᎪᎢ,a:kátisgóʔi,,,,
,ᎭᎧᏔ,ha:káta,,,,
,ᎤᎧᏙᏗ,u:káto:hdi,,,,
,,,,,,
ENTRY,ᎠᎧᏲᏍᎦ,ahka:hyo:sga,vi,He is drying out.,x,
,ᏥᎧᏲᏍᎦ,jihka:hyo:sga,,,,
,ᎤᎧᏲᏒᎢ,u:hka:hyo:sv̌ʔi,,,,
,ᎠᎧᏲᏍᎪᎢ,ahka:hyo:sgóʔi,,,,
,ᎯᎧᏲᎯ,hihka:hyo:hi,,,,
,ᎤᎧᏲᎯᏍᏗ,u:hka:hyo:hisdi,,,,
,,,,,,
ENTRY,ᎠᎧᏲᏗᎭ,aka:hyǒhdiha,vt,"He is drying it out.;
He is preserving it.",,
,ᏥᎧᏲᏗᎭ,jika:hyǒhdiha,,,,
,ᎤᎧᏲᏔᏅᎢ,u:ka:hyǒhtanv̌ʔi,,,,
,ᎠᎧᏲᏗᏍᎪᎢ,aka:hyǒhdisgóʔi,,,,
,ᎯᎧᏲᏓ,hika:hyǒhda,,,,
,ᎤᎧᏲᏙᏗ,u:ka:hyǒhdo:hdi,,,,
note,"… ᏃᏊᎴ ᎤᎦᎵᏍᎬ <u>ᎠᎧᏲᏗᏍᎪᎢ</u> ᎠᎹ.
… and then when it is shined on by the sun the water <u>is dried by</u> the sun.
[ᏣᎳᎩ ᏔᎵᏁ ᏗᏂᏂᏙᎯ ᏗᏕᏲᏙᏗ]",,,,,
,,,,,,
ENTRY,ᎠᎨᎯ,akehi,vt,He is chasing him/it.,,
,ᏥᎨᎯ,jiʔkehi,,,,
,ᎤᎨᎮᏒᎢ,u:kehesv̌ʔi,,,,
,ᎠᎨᏐᎢ,ake:hʔsóʔi,,,,
,ᎯᎨᎱᎦ,hi:kehu:ga,,,,
,ᎤᎨᎲᏍᏗ,u:kehvsdi,,,,
note,"<u>ᎠᏂᎨᎯ</u> ᎠᏧᏣ ᎩᎵ.
The dogs <u>are chasing</u> the boy.
[King pg 110]",,,,,
,,,,,,
ENTRY,ᎠᎨᏯ,ageʔya,vi,He is flowing.,,
,ᏥᎨᏯ,jigeʔya,,,,
,ᎤᎨᏴᏒᎢ,u:geʔyv:sv̌ʔi,,,,
,ᎠᎨᏲᎢ,ageʔyóʔi,,,,
,ᎯᎨᏯ,higeʔya,,,,
,ᎤᎨᏴᏍᏗ,u:geʔyv:sdi,,,,
,,,,,,
ENTRY,ᎠᎨᏯ,age:hya,n,Woman.,,
,ᏥᎨᏯ,jige:hya,,,,
note,"ᏍᎩᏉᏃ <u>ᎠᎨᏯ</u> ᎠᏥᎯᎮᎢ.
Actually, <u>a woman</u> was being killed.
[King pg 121]",,,,,
,,,,,,
ENTRY,ᎠᎨᏯᏗᎭ,age:hydiha,vt,He is refusing to give him.,,
,ᏥᎨᏯᏗᎭ,*ji:geʔydiha,,,,
,ᎤᎨᏯᏔᏅᎢ,u:ge:hytanv̌ʔi,,,,
,ᎠᎨᏯᏗᏍᎪᎢ,age:hydisgóʔi,,,,
,ᎯᎨᏯᏓ,hi:ge:hyda,,,,
,ᎤᎨᏯᏙᏗ,u:ge:hydo:hdi,,,,
,,,,,,
ENTRY,ᎠᎩᎠ,agíʔa,vt,"He is getting it (something solid).;
He is picking it up (something solid).",x,
,ᏥᎩᎠ,jigíʔa,,,,
,ᎤᎩᏒᎢ,u:gí:sv̌ʔi,,,,
,ᎠᎩᏍᎪᎢ,agí:sgóʔi,,,,
,ᎯᎩ,higi,,,,
,ᎤᎩᏍᏗ,u:gí:sdi,,,,
note,"ᏥᏌ ᎤᎷᏨᎩ <u>ᎤᎩᏒᎩ</u> ᎦᏚ ᎠᎴ ᏚᏁᎸᎩ, ᎠᎴ ᎾᏍᏉ ᎠᏣᏗ ᏚᏅᏁᎸᎩ.
Jesus, therefore, doth come and <u>take</u> the bread and give to them, and the fish in like manner;
[ᏣᏂ 21:13]",,,,,
,,,,,,
ENTRY,ᎠᎩᎠ,agiʔa,vt,He is eating it (something solid).,,
,ᏥᎩᎠ,jigiʔa,,,,
,ᎤᎬᎢ,u:gʔv̌ʔi,,,,
,ᎠᎩᏍᎪᎢ,agi:sgóʔi,,,,
,ᎯᎦ,higa,,,,
,ᎤᎩᏍᏗ,u:gi:sdi,,,,
note,"ᎾᏍᎩᏂ ᎤᏓᏔᏅᎯ ᏥᏡᎦ ᎠᎦᏙᎥᎯᏍᏗ ᎣᏍᏛ ᎨᏒᎢ ᎠᎴ ᎤᏲ ᎨᏒᎢ, ᎥᏝ <u>ᏣᎩᏍᏗ</u> ᏱᎨᏎᏍᏗ, ᎾᎯᏳᏰᏃ ᎢᎦ ᎯᎬᎭ ᎤᏙᎯᏳᏒ ᏣᏲᎱᎯᏍᏗ ᎨᏎᏍᏗ.
and of the tree of knowledge of good and evil, thou dost not <u>eat</u> of it, for in the day of thine eating of it -- dying thou dost die.'
[ᎼᏏ ᎢᎬᏱᏱ 2:17]",,,,,
,,,,,,
ENTRY,ᎠᎩᎡᎭ,agiʔe:ha,vt,He is taking it (something solid) from him.,,
,ᏥᎩᎡᎠ,ji:giʔeʔa,,,,
,ᎤᎩᎡᎸᎢ,u:giʔeʔlv̌ʔi,,,,
,ᎠᎩᎡᎰᎢ,agiʔe:hóʔi,,,,
,ᎯᎩᎢ,hi:giʔi,,,,
,ᎤᎩᎡᏗ,u:giʔe:hdi,,,,
note,"<u>ᎯᎩ</u> ᎬᏁᎸᎯ ᎾᏍᎩ ᏥᏪᏣᏲᎮᎸ …
<u>receive</u>, I pray thee, my blessing …
[ᎼᏏ ᎢᎬᏱᏱ 33:11]",,,,,
,,,,,,
ENTRY,ᎠᎩᎵᎩᎠ,akili:giʔa,vt,"He is removing, taking it down (something alive) from a raised surface or shelf.",,"King tried to squeeze in ""rsuf"" for raised surface here. It's not ""remove an animal from a pasture"". "
,ᏥᎩᎵᎩᎠ,ji:kili:giʔa,,,,
,ᎤᎩᎵᎩᏒᎢ,u:kili:gi:sv̌ʔi,,,,
,ᎠᎩᎵᎩᏍᎪᎢ,akili:gi:sgóʔi,,,,
,ᎯᎩᎵᎩ,hi:kili:gi,,,,
,ᎤᎩᎵᎩᏍᏗ,u:kili:gi:sdi,,,,
,,,,,,
ENTRY,ᎠᎩᎵᏲᎦ,agi:hlíyo:ga,vi,He is suffering.,,
,ᏥᎩᎵᏲᎦ,jigiʔlíyo:ga,,,,
,ᎤᎩᎵᏲᏨᎢ,u:gi:hlíyo:jv̌ʔi,,,,
,ᎠᎩᎵᏲᎪᎢ,agi:hlíyo:góʔi,,,,
,ᎯᎩᎵᏲᎩ,higi:hlíyo:gi,,,,
,ᎤᎩᎵᏲᎢᏍᏗ,u:gi:hlíyoʔisdi,,,,
note,"ᎾᏍᎩ ᎾᏍᏉ ᏅᏗᎦᎵᏍᏙᏗᎭ ᎯᎠ ᎾᏍᎩ ᏧᏓᎴᏅᏛ <u>ᏥᎩᎵᏲᎦ</u>; ᎠᏎᏃ ᎥᏝ ᏱᎦᏕᎣᏍᎦ; …
for which cause also these things <u>I suffer</u>, but I am not ashamed, …
[ᏔᎵᏁ ᏗᎹᏗ 1:12]",,,,,
,,,,,,
ENTRY,ᎠᎩᎸᎥᏍᎦ,akilvʔv:sga,vt,"He is perching on it.;
He is getting onto it.;
He is mounting it.",x,
,ᎦᎩᎸᎥᏍᎦ,ga:kilvʔv:sga,,,"Added ""perching"" from Francis",
,ᎤᎩᎸᏅᎢ,u:kilvʔnv̌ʔi,,,Removed several ʔ,
,ᎠᎩᎸᎥᏍᎪᎢ,akilvʔv:sgóʔi,,,,
,ᎭᎩᎸᎥᎦ,hakilvʔv:ga,,,,
,ᎤᎩᎸᏗ,u:kilv:di,,,,
note,"ᏥᏌᏃ ᎤᏩᏛᎲ ᎠᎩᎾ ᏐᏈᎵ-ᏗᎦᎵᎠᏅᎯᏛ, <u>ᎤᎩᎸᏅᎩ</u>, ᎾᏍᎩᏯ ᎯᎠ ᏥᏂᎬᏅ ᏥᎪᏪᎳ;
and Jesus having found a young ass <u>did sit upon it</u>, according as it is written,
[ᏣᏂ 12:14]",,,,,
,,,,,,
ENTRY,ᎠᎩᏍᎦ,akisga,vt,He is swallowing it.,,
,ᏥᎩᏍᎦ,jikisga,,,,
,ᎤᎩᏒᎢ,u:kisv̌ʔi,,,,
,ᎠᎩᏍᎪᎢ,akisgóʔi,,,,
,ᎯᎩᎯ,hikihi,,,,
,ᎤᎩᎯᏍᏗ,u:kihisdi,,,,
note,"ᏗᏥᎨᏫ ᏗᏣᏓᏘᏂᏙᎯ! ᏙᏒ ᎢᏥᎿᏐᎸᏍᏗᏍᎩ ᎨᎻᎵᏃ <u>ᎢᏥᎩᏍᎩ</u>.
‘Blind guides! who are straining out the gnat, and the camel <u>are swallowing</u>.
[ᎹᏚ 23:24]",,,,,
,,,,,,
ENTRY,ᎠᎩᏍᏙᎠ,agi:sdóʔa,vt,He is chewing it.,x,
,ᏥᎩᏍᏙᎠ,jigisdóʔa,,,,
,ᎤᎩᏍᏙᎥᎢ,u:gi:sdóʔv̌ʔi,,,,
,ᎠᎩᏍᏙᏍᎪᎢ,agi:sdó:sgóʔi,,,,
,ᎯᎩᏍᏙᏣ,higi:sdó:ja,,,,
,ᎤᎩᏍᏙᏍᏗ,u:gi:sdó:sdi,,,,
,,,,,,
ENTRY,ᎠᎩᏏ,agi:si,vt,"He is fetching, getting it (something solid).",,
,ᏥᎩᏏ,jigi:si,,,,
,ᎤᎩᏎᏒᎢ,u:gi:sesv̌ʔi,,,,
,ᎠᎩᏎᎪᎢ,agi:segóʔi,,,,
,ᎯᎩᏑᎦ,higi:súga,,,,
,ᎤᎩᏒᏍᏗ,u:gi:svsdi,,,,
,,,,,,
ENTRY,ᎠᎪᎲᏍᎦ,agohv:sga,vi,It is burning.,x,
,-,,,,Francis INF is ᎤᎪᎲᏗ,
,ᎤᎪᏅᎢ,u:go:hnv̌ʔi,,,,
,ᎠᎪᎲᏍᎪᎢ,agohv:sgóʔi,,,,
,ᏩᎪᎲᎦ,wagohv:ga,,,,
,ᎤᎪᎲᏍᏗ,u:gohv:sdi,,,,
note,"ᎠᎴ ᎤᏁᎷᏅᎩ ᎢᏳᏃ ᎤᏂᎪᎲ ᏚᎦᏒᏍᏛ ᎾᏍᎩ <u>ᎠᎪᎲᏍᎬᎢ</u> …
and were crying, seeing the smoke of <u>her burning</u> …
[ᎠᏥᎾᏄᎪᏫᏎᎸᎢ 18:18]",,,,,
,,,,,,
ENTRY,ᎠᎪᎲᏍᎦ,ago:hv̌:hsga,vi,It is burning up.,x,
,-,,,,,
,ᎤᎪᏅᎢ,u:gohnv̌ʔi,,,,
,ᎠᎪᎲᏍᎪᎢ,ago:hv̌:hsgóʔi,,,,
,ᏩᎪᎿ,wagohna,,,,
,ᎤᎪᎲᏍᏗ,u:go:hv̌:hsdi,,,,
note,"… ᎠᎴ ᏂᎦᏛ ᎢᏤ ᎧᏁᏍᎦ <u>ᎤᎪᏅᎩ</u>.
… and all the green grass <u>was burnt up</u>.
[ᎠᏥᎾᏄᎪᏫᏎᎸᎢ 8:7]",,,,,
,,,,,,
ENTRY,ᎠᎪᎲᏍᏗᎭ,a:go:hvsdiha,vt,He is burning it.,,
,ᎦᎪᎥᏍᏗᎭ,ga:goʔvsdiha,,,,
,ᎤᎪᎲᏍᏓᏅᎢ,u:go:hvsdaʔnv̌ʔi,,,,
,ᎠᎪᎲᏍᏗᏍᎪᎢ,a:go:hvsdisgóʔi,,,,
,ᎭᎪᎲᏍᏓ,ha:go:hvsda,,,,
,ᎤᎪᎲᏍᏚᏗ,u:go:hvsdu:hdi,,,,
,,,,,,
ENTRY,ᎠᎪᎵᏰᎠ,ago:lí:yeʔa,vt,"He is reading it.;
He is studying.;
He is examining it.",x,
,ᏥᎪᎵᏰᎠ,jigo:lí:yeʔa,,,,
,ᎤᎪᎵᏰᎥᎢ,u:go:lí:yeʔv̌ʔi,,,,
,ᎠᎪᎵᏰᏍᎪᎢ,ago:lí:yesgóʔi,,,,
,ᎯᎪᎵᏯ,higo:lí:ya,,,,
,ᎤᎪᎵᏰᏗ,u:go:lí:ye:di,,,,
note,"… <u>ᎤᎪᎵᏰᎥᏃ</u> ᎿᏉ ᏚᏠᏱᎸ ᎠᎴ ᎤᏪᎾᏮᎩ;
… <u>and as he read</u>, he wept and trembled;
[ᏧᏁᎶᏗ ᏚᏂᎩᏒᏒᎢ]",,,,,
,,,,,,
ENTRY,ᎠᎪᎸᎠ,a:goʔlvʔa,vi,He is going then turning and coming back.,x,
,ᎦᎪᎸᎠ,ga:goʔlvʔa,,,"Francis has ᎥᎢ, not ᏒᎢ, for PAST",
,ᎤᎪᎸᏒᎢ,u:goʔlv:sv̌ʔi,,,,
,ᎠᎪᎸᏍᎪᎢ,a:goʔlv:sgóʔi,,,,
,ᎭᎪᎸᎾ,ha:goʔlv:na,,,,
,ᎤᎪᎸᏍᏗ,u:goʔlv:sdi,,,,
note,"ᎦᏳᎳᏰᏃ ᎢᎦᏛ <u>ᎤᎾᎪᎸᏒ</u> ᏎᏓᏂ ᎤᎾᏍᏓᏩᏕᏅ.
for already certain <u>did turn aside</u> after the Adversary.
[ᎢᎬᏱᏱ ᏗᎹᏗ 5:14]",,,,,
,,,,,,
ENTRY,ᎠᎪᎸᎠ,agóhlvʔa,vt,He is turning it around.,x,
,ᏥᎪᎸᎠ,jigoʔlvʔa,,,Francis shows ᎥᎢ not ᏒᎢ for PAST,King is clear that RP has -s- and it also matches in CED. 
,ᎤᎪᎸᏒᎢ,u:góhlvsv̌ʔi,,,,
,ᎠᎪᎸᏍᎪᎢ,agóhlvsgóʔi,,,,
,ᎯᎪᎸᎾ,higóhlvna,,,,
,ᎤᎪᎸᏍᏗ,u:góhlvsdi,,,,
,,,,,,
ENTRY,ᎠᎪᎾ,ago:na,n,Starvation.,,
note,"ᎾᏍᎩᏃ ᎢᏳ ᎩᎶ <u>ᎠᎪᎾ</u> ᎤᏲᏏᏍᎨᏍᏗ, ᏧᏪᏅᏒ ᎠᎵᏍᏓᏴᎲᏍᎨᏍᏗ; …
and if any one is <u>hungry</u>, at home let him eat, …
[ᎢᎬᏱᏱ ᎨᎪᏪᎳᏁᎸᎯ 11:34]",,,,,
,,,,,,
ENTRY,ᎠᎪᏍᎩᏍᏗᎭ,a:kosgi:sdiha,vt,He is elbowing it.,,
,ᏥᏯᎪᏍᎩᏍᏗᎭ,ji:ya:kosgi:sdiha,,,,
,ᎤᎪᏍᎩᏍᏓᏅᎢ,u:kosgi:sdaʔnv̌ʔi,,,,
,ᎠᎪᏍᎩᏍᏗᏍᎪᎢ,a:kosgi:sdisgóʔi,,,,
,ᎯᏯᎪᏍᎩᏍᏓ,hiya:kosgi:sda,,,,
,ᎤᎪᏍᎩᏗ,u:koskdi,,,,
,,,,,,
ENTRY,ᎠᎪᏍᏓᎩᏍᏗ,ago:sdakisdi,n,"Lettuce.;
biol. <em>Lactuca sativa.</em>",,
,,,,,,
ENTRY,ᎠᎪᏍᏗ,ago:sdi,adj,"Raw.;
Unripe.",,
,,,,,,
ENTRY,ᎠᎪᏍᏚᎩᏍᏗ,ago:sdugi:sdi,n,"Branch lettuce.;
biol. <em>Saxifraga micranthidifolia.</em>",,
,,,,,,
ENTRY,ᎠᎪᏕᎯ,agodehi,n,"Marsh hawk.;
Hen Harrier.;
biol. <em>Circus hudsonius.</em>",,
,,,,,,
ENTRY,ᎠᎪᏛᎥᏍᎦ,akodvʔv:sga,vt,"He is sprinkling it (a powder or fine granular substance).;
He is sifting flour.",x,
,ᏥᎪᏛᎥᏍᎦ,jikodvʔvʔsga,,,,
,ᎤᎪᏚᏅᎢ,u:kodu:nv̌ʔi,,,,
,ᎠᎪᏛᎥᏍᎪᎢ,akodvʔv:sgóʔi,,,,
,ᎯᎪᏛᎥᎦ,hikodvʔv:ga,,,,
,ᎤᎪᏛᏗ,u:kodv:hdi,,,,
,,,,,,
ENTRY,ᎠᎪᏩᏘᎭ,agówhtiha,vt,He is seeing it.,,
,ᏥᎪᏩᏘᎭ,*jigowhtiha,,,,
,ᎤᎪᏩᏛᎲᎢ,u:góhv̌ʔi,,,,Not sure DK was right about the CompPast. Myrtle uses ᎤᎪᎲ and ᎠᎩᎪᎲ throughout 13 Moons.
,ᎠᎪᏩᏘᏍᎪᎢ,agówhtisgóʔi,,,,
,ᎯᎪᏩᏔ,higówhta,,,,
,ᎤᎪᏩᏛᏗ,u:gówhtv:hdi,,,,
note,"ᎥᎥ, ᎣᏏ <u>ᏥᎪᏩᏘᎭ</u>.
Yes, <u>I see it</u> well.
[ᏧᏁᎶᏗ ᏚᏂᎩᏒᏒᎢ]",,,,,
,,,,,,
ENTRY,ᎠᎪᏮ,a:gowv,n,Sand piper.,,
,,,,,,
ENTRY,ᎠᎫᎩᎠ,aku:giʔa,vt,He is dipping a liquid.; He is removing liquid from a container,x,
,ᏥᎫᎩᎠ,jiʔgu:giʔa,,,,
,ᎤᎫᎩᏒᎢ,u:ku:gisv̌ʔi,,,,
,ᎠᎫᎩᏍᎪᎢ,aku:gisgóʔi,,,,
,ᎯᎫᎩ,hiku:gi,,,,
,ᎤᎫᎩᏍᏗ,u:ku:gisdi,,,,
,,,,,,
ENTRY,ᎠᎫᎩᎠ,agu:giʔa,vt,He is taking liquid from liquid.,x,King didn't indicate an /h/ in his entry. 
,ᏥᎫᎩᎠ,jigu:giʔa,,,,
,ᎤᎫᎩᏒᎢ,u:gu:gi:sv̌ʔi,,,,
,ᎠᎫᎩᏍᎪᎢ,agu:gi:sgóʔi,,,,
,ᎯᎫᎩ,higu:gi,,,,
,ᎤᎫᎩᏍᏗ,u:gu:gi:sdi,,,,
,,,,,,
ENTRY,ᎠᎬᎠ,akv́ʔa,vt,"He is moving it (something alive).;
He is moving it (something solid).",x,
,ᏥᎬᎠ,ji:kv́ʔa,,,,
,ᎤᎬᎥᎢ,u:kv́ʔv̌ʔi,,,,
,ᎠᎬᏍᎪᎢ,akv́:sgóʔi,,,,
,ᎯᎬᎾ,hi:kv́:na,,,,
,ᎤᎬᏍᏗ,u:kv́:sdi,,,,
,,,,,,
ENTRY,ᎠᎬᎦ,agv:ga,vi,He is drowning.,,
,ᏥᎬᎦ,jigv:ga,,,,
,ᎤᎬᏨᎢ,u:gvʔjv̌ʔi,,,,
,ᎠᎬᎪᎢ,agv:góʔi,,,,
,ᎯᎬᎩ,higvʔgi,,,,
,ᎤᎬᎢᏍᏗ,u:gvʔi:sdi,,,,
note,"… ᎠᏥᎸᏱ ᎬᏛᎪᎢ ᎠᎴ <u>ᎠᎹᏱ ᎠᎬᎪᎢ</u>.
… for often he doth fall into the fire, and <u>often into the water</u>,
[ᎹᏚ 17:15]",,,,,
,,,,,,
ENTRY,ᎠᎬᎭᎴᏫᏓ,agvhale:wida,n,Quilt top.,,
,,,,,,
ENTRY,ᎠᎬᎭᎵᎭ,agv́haliha,vt,He is cutting it (something solid) off.,,
,ᏥᎬᎠᎵᎭ,jigvʔaliha,,,,
,ᎤᎬᎭᎸᎲᎢ,u:gv́halvhv̌ʔi,,,,
,ᎠᎬᎭᎵᏍᎪᎢ,agv́halisgóʔi,,,,
,ᎯᎬᎭᎳ,higv́hala,,,,
,ᎤᎬᎭᎳᏗ,u:gv́ha:hldi,,,,
,,,,,,
ENTRY,ᎠᎬᎯᏓ,akvhida,n,"Sheet.;
Linen.",,
,,,,,,
ENTRY,ᎠᎬᏃᎨᏂ,akvno:ge:ni,n,His wing.,,
,,,,,,
,ᏗᎬᏃᎨᏂ,dikvno:ge:ni,,,,
,,,,,,
,,,,,,
ENTRY,ᎠᎬᏍᏉᎠ,a:gv:sgwoʔa,vi,He is washing his face.,x,
,ᎦᎬᏍᏉᎠ,ga:gvʔsgwoʔa,,,,
,ᎤᎬᏍᏉᎥᎢ,u:gv:sgwoʔv̌ʔi,,,,
,ᎠᎬᏍᏉᏍᎪᎢ,a:gv:sgwo:sgóʔi,,,,
,ᎭᎬᏍᏉᏣ,ha:gv:sgwo:ja,,,,
,ᎤᎬᏍᏉᏍᏗ,u:gv:sgwo:sdi,,,,
note,"ᏂᎯᏍᎩᏂ ᎠᎹᏟ ᎲᏍᎨᏍᏗ, ᎭᏠᏁᏍᎨᏍᏗ, ᎠᎴ <u>ᎭᎬᏍᏉᏍᎨᏍᏗ</u>,
‘But thou, fasting, anoint thy head, and <u>wash thy face</u>,
[ᎹᏚ 6:17]",,,,,
,,,,,,
ENTRY,ᎠᎬᏗᎨᏂ,agv:dige:ni,n,His forehead.,,
,ᏥᎬᏗᎨᏂ,jigv:dige:ni,,,,
,,,,,,
ENTRY,ᎠᎬᏚᎶ,agv:duʔlo,n,Mask.,,
,,,,,,
ENTRY,ᎠᎬᏩᎶᏗ,agv:hwaldi,vi,It is worth.,,
,ᎠᎩᎬᏩᎶᏗ,à:gigv:waʔldi,,,,
,ᎤᎬᏩᎶᏕᏍᏛᎢ,u:gv:hwalde:sdv̌ʔi,,,,
,ᎠᎬᏩᎶᏙᎢ,agv:hwaldóʔi,,,,
,ᎯᎬᏩᎶᏓ,higv:hwalda,,,,
,ᎤᎬᏩᎶᏙᏗ,u:gv:hwaldo:hdi,,,,
,,,,,,
ENTRY,ᎠᎬᏯᏍᎦ,agvʔyhsga,vt,He is drowning him.,,
,ᏥᎬᏯᏍᎦ,*ji:gvʔyʔsga,,,,
,ᎤᎬᏯᎲᎢ,u:gvʔyhv̌ʔi,,,,
,ᎠᎬᏯᏍᎪᎢ,agvʔyhsgóʔi,,,,
,ᎯᎬᏯ,hi:gvʔya,,,,
,ᎤᎬᏯᏍᏗ,u:gvʔyhsdi,,,,
,,,,,,
ENTRY,ᎠᎬᏱ,agv:yi,adj,"First.;
Initially.",,
note,"<u>ᎠᎬᏱ</u> ᎤᎦᏔ ᎤᏂᏫᏎ.
<u>First</u> they plant seed.
[ᏣᎳᎩ ᏔᎵᏁ ᏗᏂᏂᏙᎯ ᏗᏕᏲᏙᏗ]",,,,,
,,,,,,
ENTRY,ᎠᎬᏱᏗᏣ,agv:yidi:ja,pt,"Before.;
In the way.",,
,,,,,,
ENTRY,ᎠᎬᏴᎵᎨᎢ,ahgvyv:ligeʔi,adj,Old (something alive).,,
,,,,,,
ENTRY,ᎠᎭᎨᏨᎯ,ahake:jvhi,n,A peeling.,,
,,,,,,
ENTRY,ᎠᎭᏔᏍᎦ,a:hata:sga,vt,"He is hammering it in.;
He is driving it in.",x,
,ᏥᎠᏔᏍᎦ,*jihata:sga,,,Francis INF: ᎤᎭᏘᏗ,
,ᎤᎭᏔᏅᎢ,u:hatanv̌ʔi,,,,
,ᎠᎭᏔᏍᎪᎢ,a:hata:sgóʔi,,,,
,ᎯᎭᏔᎦ,hihata:ga,,,,
,ᎤᎭᏘ,u:hati,,,,
,,,,,,
ENTRY,ᎠᎭᏫᏯ,ahawi:ya,n,Venison.,,
,,,,,,
ENTRY,ᎠᎯᎭ,a:hiha,vt,He is killing him.,,
,ᏥᎢᎭ,jiʔiha,,,,
,ᎤᎸᎢ,u:hʔlv̌ʔi,,,,
,ᎠᎯᎰᎢ,a:hihóʔi,,,,
,ᎯᎷᎦ,hi:lu:ga,,,,
,ᎤᎯᏍᏗ,u:hisdi,,,,
note,"ᎠᏥᏁᏤᎴᏃ ᎯᎠ ᏅᏗᎠᏥᏪᏎᎴᎢ; ᏈᏓ, ᏔᎴᎲᎦ, <u>ᎯᎷᎦ</u> ᎠᎴ ᎭᎵᏍᏓᏴᎲᎦ, ᎠᎪᏎᎴᎢ.
and there came a voice unto him: ‘Having risen, Peter, <u>slay</u> and eat.’
[ᎨᏥᏅᏏᏛ ᏄᎾᏛᏁᎵᏙᎸᎢ 10:13]",,,,,
,,,,,,
ENTRY,ᎠᎯᎵᏲᎦ,a:hi:hliyo:ga,vi,"He is in agony, suffering.",,
,ᏥᎢᎵᏲᎦ,jiʔi:hliyo:ga,,,,
,ᎤᎯᎵᏲᏨᎢ,u:hi:hliyo:jv̌ʔi,,,,
,ᎠᎯᎵᏲᎪᎢ,a:hi:hliyo:góʔi,,,,
,ᎯᎯᎵᏲᎦ,hihi:hliyoʔga,,,,
,ᎤᎯᎵᏲᎢᏍᏗ,u:hi:hliyoʔisdi,,,,
,,,,,,
ENTRY,ᎠᎯᏱᎠ,a:hi:yiʔa,vt,He is leaving it (something solid) or it (a liquid).,,
,ᏥᎢᏱᎠ,jiʔi:yiʔa,,,,
,ᎤᎯᏱᎥᎢ,u:hi:yi:v̌ʔi,,,,
,ᎠᎯᏱᏍᎪᎢ,a:hi:yisgóʔi,,,,
,ᎯᎯᏯ,hihi:ya,,,,
,ᎤᎯᏱᏍᏗ,u:hi:yisdi,,,,
,,,,,,
ENTRY,ᎠᎰᎵ,aho:li,n,His mouth.,,
,ᏥᎰᎵ,jiho:li,,,,
note,"ᎥᏝᏍᎩᏂ ᎾᏍᎩ Ꮎ <u>ᎠᎰᎵ</u> ᏭᏴᎸᎯ ᎦᏓᎭ ᏱᏄᏩᏁᎰ ᏴᏫ, <u>ᎠᎰᎵᏍᎩᏂ</u> ᏅᏓᏳᏄᎪᏨᎯ ᎾᏍᎩ ᎦᏓᎭ ᏄᏩᏁᎰ ᏴᏫ.
not that which is coming into <u>the mouth</u> doth defile the man, but that which is coming forth from <u>the mouth</u>, this defileth the man.’
[ᎹᏚ 15:11]",,,,,
,,,,,,
ENTRY,ᎠᎱᎳᎨᎦ,a:hu:lagega,vi,He is homesick.,,
,ᏥᎤᎳᎨᎦ,jiʔu:lagega,,,,
,ᎤᎱᎳᎨᏨᎢ,u:hu:lage:jv̌ʔi,,,,
,ᎠᎱᎳᎨᎪᎢ,a:hu:lagegóʔi,,,,
,ᎯᎱᎳᎨᎢ,hihu:lageʔi,,,,
,ᎤᎱᎳᎨᏍᏗ,u:hu:lage:sdi,,,,
,,,,,,
ENTRY,ᎠᎱᎴᏴᏍᎦ,a:hule:yv:sga,vi,He is burning himself with hot food.,x,
,ᏥᎤᎴᏴᏍᎦ,jiʔule:yv:sga,,,,
,ᎤᎱᎴᏴᏒᎢ,u:hule:yv:sv̌ʔi,,,,
,ᎠᎱᎴᏴᏍᎪᎢ,a:hule:yv:sgóʔi,,,,
,ᎯᎱᎴᏴᎯ,hihule:yv:hi,,,,
,ᎤᎱᎴᏴᎯᏍᏗ,u:hule:yv:hisdi,,,,
,,,,,,
ENTRY,ᎠᎱᎵ,ahuʔli,n,Drum.,,
note,"… ᎾᏍᎩ ᎣᏍᏛ ᎢᎦᏓᏅᏛ ᎬᏯᏂᎩᏍᏙᏗᏱ, ᏗᎧᏃᎩᏛ ᎬᏗ, ᎠᎴ <u>ᎠᎱᎵ</u> ᎢᏳᏍᏗ ᎬᏗ, ᎠᎴ ᎠᏏᎳᏕᏫᏛ ᏗᎧᏃᎩᏍᏙᏗ ᎬᏗ?
… I send thee away with joy and with songs, with <u>tabret</u> and with harp,
[ᎼᏏ ᎢᎬᏱᏱ 31:27]",,,,,
,,,,,,
ENTRY,ᎠᎱᏗᎠ,a:hu:diʔa,vt,He is putting it (something long) into a liquid.,,
,ᏥᎤᏗᎠ,jiʔu:diʔa,,,,
,ᎤᎱᏛᎢ,u:hu:dʔv̌ʔi,,,,
,ᎠᎱᏗᏍᎪᎢ,a:hu:disgóʔi,,,,
,ᎯᎱᏓ,hihu:da,,,,
,ᎤᎱᏗᏍᏗ,u:hu:disdi,,,,
,,,,,,
ENTRY,ᎠᎱᏣᏬᎳᏛᎢ,ahu:jawo:ladvʔi,n,Chimney.,,
,,,,,,
ENTRY,ᎠᎱᏱᏏᎭ,a:hu:yísiha,vt,He is taking it (something long) from a liquid.,,
,ᏥᎤᏱᏏᎭ,jiʔu:yísiha,,,,
,ᎤᎱᏱᏒᎲᎢ,u:hu:yísvhv̌ʔi,,,,
,ᎠᎱᏱᏏᏍᎪᎢ,a:hu:yísisgóʔi,,,,
,ᎯᎱᏱᎤᏌ,hihu:yiusa,,,,
,ᎤᎱᏱᏒᏗ,u:hu:yísv:hdi,,,,
,,,,,,
ENTRY,ᎠᎲᏍᎦ,ahvsga,vi,He is sitting.,x,
,ᏥᎥᏍᎦ,ga:hvsga,,,Definition fix,
,ᎤᏅᎢ,u:hnv̌ʔi,,,Stem fix,
,ᎠᎲᏍᎪᎢ,ahvsgóʔi,,,Entry was whacked,
,ᎯᎲᎦ,hahvga,,,"Compare to ""he is placing ... ground""",
,ᎤᏗ,u:hdi,,,,
,,,,,,
,,,,,,
ENTRY,ᎠᎲᏍᎦ,à:hv́sga,vt,"He is placing it (something solid) on the ground.;
He is laying it (something solid) down.;
He is setting it (something solid) down.",x,This is the root in King's 1978 list and in the CED. The version in King's 1975 Dictionary is /-ʔv-/. 
,ᏥᎥᏍᎦ,jiʔv́sga,,,"Compare to ""he is sitting"".",
,ᎤᏅᎢ,ù:hnv̌ʔi,,,,
,ᎠᎲᏍᎪᎢ,à:hvsgóʔi,,,,
,ᎯᎲᎦ,hihv̀:ga,,,,
,ᎤᏗ,u:hdi,,,,
,,,,,,
ENTRY,ᎠᎥᏏ,àʔv́hsi,vt,He is handing it (something solid) to him.,,"This verb is weird. My interpretation of King's @ with this is that the root loses the ""hs"" but not the root vowel.  ᎯᎥᏏ (Immediate/Imperative) is a case in point. "
,ᏥᎥᏏ,jiʔv́si,,,,
,ᎤᎥᏁᎸᎢ,ùʔv:nélv̌ʔi,,,,
,ᎠᎥᏁᎰᎢ,àʔv:né:hóʔi,,,,
,ᎯᎥᏏ,hiʔv́hsi,,,,
,ᎤᎥᏁᏗ,uʔv:nhdi,,,,
note,"ᏥᏌ ᎤᏁᏨᎩ; ᎾᏍᎩ ᎨᏎᏍᏗ ᎠᎬᎭᎸᏛ <u>ᏥᏁᎸᎭ</u> ᎾᏍᎩ ᎠᏊᏅᎯ ᎨᏎᏍᏗ. ᎤᏭᏅᏃ ᎠᎬᎭᎸᏛ <u>ᎤᏁᎸᎩ</u> ᏧᏓᏏ ᎢᏍᎦᎳᏗ ᏌᏩᏂ ᎤᏪᏥ.
Jesus answereth, ‘That one it is to whom I, having dipped the morsel, <u>shall give it</u>;’ and having dipped the morsel, <u>he giveth [it]</u> to Judas of Simon, Iscariot.
[ᏣᏂ 13:26]",,,,,
,,,,,,
ENTRY,ᎠᎲᏓᎩᎠ,a:hv:dagíʔa,vt,He is taking it (something long) off a fire.,x,
,ᏥᎥᏓᎩᎠ,jiʔv:dagíʔa,,,,
,ᎤᎲᏓᎩᏒᎢ,u:hv:dagísv̌ʔi,,,,
,ᎠᎲᏓᎩᏍᎪᎢ,a:hv:dagísgóʔi,,,,
,ᎯᎲᏓᎩ,hihv:dagi,,,,
,ᎤᎲᏓᎩᏍᏗ,u:hv:dagísdi,,,,
,,,,,,
ENTRY,ᎠᎲᏔᏍᎦ,a:hv:tǎ:hsga,vt,He is putting it (something long) into a fire.,x,
,ᏥᎥᏔᏍᎦ,jiʔv:tǎ:hsga,,,,
,ᎤᎲᏛᏅᎢ,u:hv:tá:nv̌ʔi,,,,
,ᎠᎲᏔᏍᎪᎢ,a:hv:tǎ:hsgóʔi,,,,
,ᎯᎲᏔᎦ,hihv:tá:ga,,,,
,ᎤᎲᏔᏗ,u:hv:tdi,,,,
,,,,,,
ENTRY,ᎠᎳᏍᎬᎠ,a:la:sgvʔa,vi,He is taking a step.; He is stepping.,x,
,ᎦᎳᏍᎬᎠ,ga:lasgvʔa,,,Francis has ᎥᎢ and not ᏒᎢ for PAST.,
,ᎤᎳᏍᎬᏒᎢ,u:la:sgv:sv̌ʔi,,,,
,ᎠᎳᏍᎬᏍᎪᎢ,a:la:sgv:sgóʔi,,,,
,ᎭᎳᏍᎬᎾ,ha:la:sgv:na,,,,
,ᎤᎳᏍᎬᏍᏗ,u:la:sgv:sdi,,,,
,,,,,,
ENTRY,ᎠᎳᏍᏚᏬᎠ,a:hlsdúwoʔa,vi,He is pulling corn blades.,x,
,ᏥᎳᏍᏚᏬᎠ,*jilsdúwoʔa,,,Definition fix.,
,ᎤᎳᏍᏚᏬᎥᎢ,u:hlsdúwoʔv̌ʔi,,,Francis IMM is plural object?,
,ᎠᎳᏍᏚᏬᏍᎪᎢ,a:hlsdúwo:sgóʔi,,,,
,ᎯᎳᏍᏚᏬᏣ,*hihlsdúwo:ja,,,,
,ᎤᎳᏍᏚᏬᏍᏗ,u:hlsdúwo:sdi,,,,
,,,,,,
ENTRY,ᎠᎳᏍᏛᎥᏍᎦ,a:la:sdvʔv:sga,vt,He is stepping on it.,x,
,ᎦᎳᏍᏛᎥᏍᎦ,ga:lasdvʔv:sga,,,Francis shows ulasdvhnvi PAST,
,ᎤᎳᏍᏛᏅᎢ,u:la:sdvʔnv̌ʔi,,,,
,ᎠᎳᏍᏛᎥᏍᎪᎢ,a:la:sdvʔv:sgóʔi,,,,
,ᎭᎳᏍᏛᎥᎦ,ha:la:sdvʔv:ga,,,,
,ᎤᎳᏍᏛᏗ,u:la:sdv:hdi,,,,
,,,,,,
ENTRY,ᎠᎳᏫᏗᎭ,a:hlawí:diha,vi,"He is flying away; 
He is taking off flying. ",,"Updated gloss to deconflict ᎦᏃᎯᎵ, gloss from CED. tlw"
,ᎦᎳᏫᏗᎭ,gaʔlawí:diha,,,,
,ᎤᎳᏫᏛᎲᎢ,u:hlawí:dvhv̌ʔi,,,,
,ᎠᎳᏫᏗᏍᎪᎢ,a:hlawí:disgóʔi,,,,
,ᎭᎳᏫᏓ,ha:hlawí:da,,,,
,ᎤᎳᏫᏘᏗ,u:hlawí:tdi,,,,
,,,,,,
ENTRY,ᎠᎴ,ale,pt,"And.;
Or.",,
note,"ᏥᎪ ᏣᏓᎵᎢ <u>ᎠᎴ</u> ᏗᏤᏥ ᎠᏁᎭ?
Hast thou a Wife <u>and</u> Children?
[ᏧᏁᎶᏗ ᏚᏂᎩᏒᏒᎢ]",,,,,
,,,,,,
ENTRY,ᎠᎴᏂᎠ,a:le:niʔa,vt,"He is starting it.;
He is beginning it.",x,ᏔᎻᎵ verified with WCU doc. Also fixed in online dictionary
,ᎦᎴᏂᎠ,ga:le:niʔa,,,,
,ᎤᎴᏅᎥᎢ,u:le:nvʔv̌ʔi,,,,
,ᎠᎴᏂᏍᎪᎢ,a:le:ni:sgóʔi,,,,
,ᎭᎴᎾ,ha:le:na,,,,
,ᎤᎴᏅᏗ,u:le:nhdi,,,,
,,,,,,
ENTRY,ᎠᎴᏅᏗᎭ,a:lenv:hdiha,vi,He is beginning with.,x,ᏔᎻᎵ verified with WCU doc.
,ᎦᎴᏅᏗᎭ,ga:lenvʔdiha,,,,
,ᎤᎴᏅᏔᏅᎢ,u:lenv:htanv̌ʔi,,,,
,ᎠᎴᏅᏗᏍᎪᎢ,a:lenv:hdisgóʔi,,,,
,ᎭᎴᏅᏓ,ha:lenv:hda,,,,
,ᎤᎴᏅᏙᏗ,u:lenv:hdo:hdi,,,,
note,"ᎾᏍᎩ ᎯᎠ <u>ᎤᎴᏅᏔᏅᎩ</u> ᏥᏌ ᎤᏍᏆᏂᎪᏗ ᏚᎸᏫᏍᏓᏁᎸᎩ ᎨᎵᎵ ᎨᏂ ᎦᏚᎲᎢ, …
This <u>beginning of</u> the signs did Jesus in Cana of Galilee, …
[ᏣᏂ 2:11]",,,,,
,,,,,,
ENTRY,ᎠᎵᎡᏂᎠ,aliʔe:ni:a,vi,He is crippled.,,
,ᏥᎵᎡᏂᎠ,jiliʔe:ni:a,,,,
,ᎤᎵᎡᏂᎡᏍᏛᎢ,u:liʔe:nie:sdv̌ʔi,,,,
,ᎠᎵᎡᏂᎣᎢ,aliʔe:ni:óʔi,,,,
,ᎯᎵᎡᏂᎡᏍᏗ,hiliʔe:nie:sdi,,,,
,ᎤᎵᎡᏂᎡᏍᏗ,u:liʔe:nie:sdi,,,,
,,,,,,
ENTRY,ᎠᎵᎢ,a:liʔi,n,Friendship.,,
,,,,,,
ENTRY,ᎠᎵᎪᏁᎭ,a:li:kone:ha,vt,He is wishing to accompany.,,
,ᏥᏯᎵᎪᏁᎭ,ji:ya:li:goʔne:ha,,,,
,ᎤᎵᎪᏁᎸᎢ,u:li:koneʔlv̌ʔi,,,,
,ᎠᎵᎪᏁᎰᎢ,a:li:kone:hóʔi,,,,
,ᎯᏯᎵᎪᎥᏏ,hi:ya:li:govʔsi,,,,
,ᎤᎵᎪᏁᏗ,u:li:konhdi,,,,
note,"… ᎢᎸᎯᏳᏃ <u>ᏕᏣᎵᎪᏁᎸ</u> ᎾᏍᎩ ᎢᎨᎬᏁᎸᎯ.
… and partly <u>having become partners of</u> those so living,
[ᎠᏂᏈᎷ 10:33]",,,,,
,,,,,,
ENTRY,ᎠᎵᎬᎩᎠ,aligv:giʔa,vt,He is ripping it.,x,
,ᏥᎵᎬᎩᎠ,jiligv:giʔa,,,,
,ᎤᎵᎬᎩᏒᎢ,u:ligv:gi:sv̌ʔi,,,,
,ᎠᎵᎬᎩᏍᎪᎢ,aligv:gi:sgóʔi,,,,
,ᎯᎵᎬᎩ,hiligv:gi,,,,
,ᎤᎵᎬᎩᏍᏗ,u:ligv:gi:sdi,,,,
,,,,,,
ENTRY,ᎠᎵᎬᏯᏍᎦ,a:ligvyhsga,vi,He is diving.,,
,ᎦᎵᎬᏯᏍᎦ,ga:ligvyʔsga,,,,
,ᎤᎵᎬᏴᎢ,u:ligvʔhyv̌ʔi,,,,
,ᎠᎵᎬᏯᏍᎪᎢ,a:ligvyhsgóʔi,,,,
,ᎭᎵᎬᏯ,ha:ligvʔya,,,,
,ᎤᎵᎬᏯᏍᏗ,u:ligvʔhysdi,,,,
,,,,,,
ENTRY,ᎠᎵᎭ,a:hliha,vi,He is fighting.,,
,ᎦᎵᎭ,gaʔliha,,,,
,ᎤᎵᎸᎢ,u:hlilv̌ʔi,,,,
,ᎠᎵᎰᎢ,a:hlihóʔi,,,,
,ᎭᎵᎦ,ha:hlga,,,,
,ᎤᎵᏍᏗ,u:hlsdi,,,,
note,"ᎤᎩᏨᏛᏃ ᏚᎾᏄᎪᏤᎴ <u>ᎠᎾᎵᎲᎢ</u> …
‘On the succeeding day, also, he shewed himself to them as <u>they are striving</u> …
[ᎨᏥᏅᏏᏛ ᏄᎾᏛᏁᎵᏙᎸᎢ 7:26]",,,,,
,,,,,,
ENTRY,ᎠᎵᎮᎵᎦ,a:li:hé:li:ga,vi,"He is happy.;
He is giving thanks.",,
,ᎦᎵᎡᎵᎦ,ga:liʔé:li:ga,,,,
,ᎤᎵᎮᎵᏨᎢ,u:li:hé:li:jv̌ʔi,,,,
,ᎠᎵᎮᎵᎪᎢ,a:li:hé:li:góʔi,,,,
,ᎭᎵᎮᎵᎩ,ha:li:hé:li:gi,,,,
,ᎤᎵᎮᎵᏍᏗ,u:li:hé:li:sdi,,,,
note,"ᎾᏍᎩᏃ ᎤᏭᏖᏒᎩ ᎠᎴ <u>ᎤᎵᎮᎵᏨᎩ</u> …
the which he took up and <u>rejoiced</u> therein …
[ᏧᏁᎶᏗ ᏚᏂᎩᏒᏒᎢ]",,,,,
,,,,,,
ENTRY,ᎠᎵᎮᎵᏤᎭ,a:li:he:li:che:ha,vt,He is thanking him.,,
,ᏥᏯᎵᎡᎵᏤᎭ,*ji:ya:liʔe:li:che:ha,,,,
,ᎤᎵᎮᎵᏤᎸᎢ,u:li:he:li:cheʔlv̌ʔi,,,,
,ᎠᎵᎮᎵᏤᎰᎢ,a:li:he:li:che:hóʔi,,,,
,ᎯᏯᎵᎡᎵᏥᏏ,hi:ya:liʔe:li:chisi,,,,
,ᎤᎵᎮᎵᏤᏗ,u:li:he:li:che:hdi,,,,
note,"ᎢᎬᏱᏱ ᎨᏒᎢ, <u>ᏥᏯᎵᎡᎵᏤᎭ</u> ᎠᏆᏁᎳᏅᎯ ᎬᏗᎭ ᏚᏙᎥ ᏥᏌ ᎦᎶᏁᏛ …
first, indeed, <u>I thank</u> my God through Jesus Christ …
[ᎶᎻ 1:8]",,,,,
,,,,,,
ENTRY,ᎠᎵᏃᎮᏗᎭ,a:hlinohéhdiha,vt,He is speaking to him.,,
,ᏥᏯᎵᏃᎮᏗᎭ,ji:yaʔlinohéhdiha,,,,
,ᎤᎵᏃᎮᏔᏅᎢ,u:hlinohétanv̌ʔi,,,,
,ᎠᎵᏃᎮᏗᏍᎪᎢ,a:hlinohéhdsgóʔi,,,,
,ᎯᏯᎵᏃᎮᏓ,hi:yaʔlinohéhda,,,,
,ᎤᎵᏃᎮᏙᏗ,u:hlinohéhdo:hdi,,,,
note,"ᏧᏁᎶᏗ ᎠᎴ ᎤᏬᎯᏳᎯᏍᏛ <u>ᎠᎾᎵᏃᎮᏔᏂᏐ</u> ᎠᎾᎢᏒ ᎢᎾᎨᎢ, ᎯᎠ ᏄᏂᏪᏒ.
Christian and Pliable <u>went talking</u> over the Plain; and thus they began their discourse.
[ᏧᏁᎶᏗ ᏚᏂᎩᏒᏒᎢ]",,,,,
,,,,,,
ENTRY,ᎠᎵᏇᏅᏗ,a:lgwe:hnv:hdi,n,Bed cover.,,
,,,,,,
ENTRY,ᎠᎵᏌᎵᎭ,a:lsali:ha,vt,"He is teasing him.;
He is picking on him.",,
,ᏥᏯᎵᏌᎵᎠ,ji:ya:lsaliʔa,,,,
,ᎤᎵᏌᎳᏅᎢ,u:lsa:hla:nv̌ʔi,,,,
,ᎠᎵᏌᎵᏍᎪᎢ,a:lsali:sgóʔi,,,,
,ᎯᏯᎵᏌᎳ,hi:ya:lsala,,,,
,ᎤᎵᏌᎵᏗ,u:lsa:hldi,,,,
,,,,,,
ENTRY,ᎠᎳᏍᎦᎶᏗ,a:lsga:hldi,n,Ball.,,Changed spelling based on Qualla docs from WCU collection. 
,,,,,,
ENTRY,ᎠᎵᏍᎩᎠ,a:lsgíʔa,vi,He is dancing.,x,
,ᎦᎵᏍᎩᎠ,ga:lsgíʔa,,,,
,ᎤᎵᏍᎩᏒᎢ,u:lsgísv̌ʔi,,,,
,ᎠᎵᏍᎩᏍᎪᎢ,a:lsgísgóʔi,,,,
,ᎭᎵᏍᎩ,ha:lsgi,,,,
,ᎤᎵᏍᎩᏍᏗ,u:lsgísdi,,,,
note,"ᎠᏂᎨᏯ <u>ᎠᎾᎵᏍᎩᎠ</u>.
The women <u>are dancing</u>.
[King pg 110]",,,,,
,,,,,,
ENTRY,ᎠᎵᏍᎫᏩᏍᎦ,ahlsgúwhsga,vi,He is nodding his head yes.,x,
,ᎦᎵᏍᎫᏩᏍᎦ,ga:hli:sgúwhsga,,,,
,ᎤᎵᏍᎫᏩᎲᎢ,uhlsgúwhv̌ʔi,,,,Corrected syllabary
,ᎠᎵᏍᎫᏩᏍᎪᎢ,ahlsgúwhsgóʔi,,,,Corrected syllabary
,ᎭᎵᏍᎫᏩ,hahlsgúwa,,,,
,ᎤᎵᏍᎫᏩᏍᏗ,uhlsgúwhsdi,,,,
,,,,,,
ENTRY,ᎠᎵᏍᏓᏴᎲᏍᎦ,ahlsdáʔyvhvsga,vi,He is eating a meal.,x,"Indicated short vowels, replaced intrusive /h/"
,ᎦᎵᏍᏓᏴᎥᏍᎦ,gaʔlsdáʔyvhvsga,,,,
,ᎤᎵᏍᏓᏴᏅᎢ,uhlsdáʔyvhnv̌ʔi,,,,
,ᎠᎵᏍᏓᏴᎲᏍᎪᎢ,ahlsdáʔyvhvsgóʔi,,,,
,ᎭᎵᏍᏓᏴᎲᎦ,hahlsdáʔyvhvga,,,,
,ᎤᎵᏍᏓᏴᏗ,uhlsdáʔyhdi,,,,
note,"ᎿᏉᏃ ᎠᏥᏝᏁᎴ <u>ᎤᎵᏍᏓᏴᏗ</u>; ᎠᏎᏃ ᎯᎠ ᏄᏪᏎᎢ, <u>ᎥᏝ ᏴᎦᎦᎵᏍᏓᏴᎲᎦ</u> ᎬᏂ ᏥᏃᏅᎭ ᏄᏍᏛ ᎠᎩᏃᎮᏗ ᎨᏒᎢ …
and setteth before him <u>to eat</u>; but he saith, '<u>I do not eat</u> till I have spoken my word;' …
[ᎼᏏ ᎢᎬᏱᏱ 24:33]",,,,,
,,,,,,
ENTRY,ᎠᎵᏍᏓᏴᏍᎦ,ahlsda:hyvhsga,vi,He is going to eat.,,"Indicated short vowels, replaced intrusive /h/"
,ᎦᎵᏍᏓᏴᏍᎦ,gaʔlsda:yvʔsga,,,,
,ᎤᎵᏍᏓᏴᏒᎢ,u:hlsda:hyvʔsv̌ʔi,,,,
,ᎠᎵᏍᏓᏴᏍᎪᎢ,ahlsda:hyvsgóʔi,,,,
,ᎭᎵᏍᏓᏴᎦ,hahlsda:yvʔuga,,,,
,ᎤᎵᏍᏓᏴᏍᏗ,u:hlsda:yvʔvsdi,,,,
,,,,,,
ENTRY,ᎠᎵᏍᏙᏯᏙᏗ,a:lsdo:hydo:hdi,n,Razor.,,
,,,,,,
ENTRY,ᎠᎵᏍᏚᎩᎠ,a:hlsdugiʔa,vt,He is pulling leaves off of a tree.,x,
,ᏥᎵᏍᏚᎩᎠ,jilsdugiʔa,,,Ꭰ vs Ꭶ usage,
,ᎤᎵᏍᏚᎩᏒᎢ,u:hlsdugi:sv̌ʔi,,,,
,ᎠᎵᏍᏚᎩᏍᎪᎢ,a:hlsdugi:sgóʔi,,,,
,ᎯᎵᏍᏚᎩ,hihlsdugi,,,,
,ᎤᎵᏍᏚᎩᏍᏗ,u:hlsdugí:sdi,,,,
,,,,,,
ENTRY,ᎠᎵᏍᏚᎵᎭ,a:lsdu:li:ha,vi,"He is washing hair.;
He is shampooing.",,
,ᎦᎵᏍᏚᎵᎠ,ga:lsdu:liʔa,,,,
,ᎤᎵᏍᏚᎴᎲᎢ,u:lsdu:le:hv̌ʔi,,,,
,ᎠᎵᏍᏚᎵᏍᎪᎢ,a:lsdu:li:sgóʔi,,,,
,ᎭᎵᏍᏚᎵ,ha:lsdu:li,,,,
,ᎤᎵᏍᏚᎵᏗ,u:lsdu:hldi,,,,
,,,,,,
ENTRY,ᎠᎵᏍᏚᎶᎯ,a:lsdu:lohi,n,"Bonnet.;
Scarf.",,
,,,,,,
ENTRY,ᎠᎵᏍᏛᏂᎭ,a:lsdv́hniha,vi,He is shaking his head no.,,
,ᎦᎵᏍᏛᏂᎭ,ga:lsdvʔniha,,,,
,ᎤᎵᏍᏛᏂᎸᎢ,u:lsdv́hnilv̌ʔi,,,,
,ᎠᎵᏍᏛᏂᎰᎢ,a:lsdv́hnihóʔi,,,,
,ᎭᎵᏍᏛᏂᎦ,ha:lsdv́hnga,,,,
,ᎤᎵᏍᏛᏂᏍᏗ,u:lsdv́hnsdi,,,,
,,,,,,
ENTRY,ᎠᎵᏎᎭ,a:li:se:ha,vt,He is carrying it on his back.,,
,ᎦᎵᏎᎠ,ga:li:seʔa,,,,
,ᎤᎵᏎᏒᎢ,u:li:sesv̌ʔi,,,,
,ᎠᎵᏎᎰᎢ,a:li:se:hóʔi,,,,
,ᎭᎵᏑᎦ,ha:li:su:ga,,,,
,ᎤᎵᏒᏍᏗ,u:li:svsdi,,,,
note,"ᎥᏝ ᏰᎵ ᎬᏆᏓᏅᏩᏗᏍᏗ ᏱᎩ, ᏂᎦᎵᏍᏙᏗ ᎯᎠ ᎦᎨᏗᏳ <u>ᏥᎦᎵᏎᎭ</u>.
I cannot go so fast as I would, by reason of this Burden <u>that is upon my back</u>.
[ᏧᏁᎶᏗ ᏚᏂᎩᏒᏒᎢ]",,,,,
,,,,,,
ENTRY,ᎠᎵᏏᏅᏗᎭ,a:lsí:hndiha,vi,He is conserving it; he is saving it. ,,Changed syllabary to match known forms; corrected pronunciation to reflect King's long /i/ vowel; supplied additional meaning.  
,ᎦᎵᏏᏅᏗᎭ,ga:lsiʔndiha,,,,
,ᎤᎵᏏᏅᏓᏅᎢ,u:lsí:hndanv̌ʔi,,,,
,ᎠᎵᏏᏅᏗᏍᎪᎢ,a:lsí:hndisgóʔi,,,,
,ᎭᎵᏏᏅᏓ,ha:lsí:hnda,,,,
,ᎤᎵᏏᏅᏙᏗ,u:lsí:hndo:hdi,,,,
,,,,,,
ENTRY,ᎠᎵᏔᎹ,alitama,n,"Carolina wren.;
biol. <em>Thryothorus ludovicianus.</em>",,
,,,,,,
ENTRY,ᎠᎵᏔᏕᎦ,a:hltadé:ga,vi,He is jumping.,x,
,ᎦᎵᏔᏕᎦ,ga:hltadé:ga,,,(not on francis list),
,ᎤᎵᏔᏕᏒᎢ,u:ltadé:sv̌ʔi,,,,
,ᎠᎵᏔᏕᎪᎢ,a:hltadé:góʔi,,,,
,ᎭᎵᏔᏕᎦ,ha:lta:dé:ga,,,,
,ᎤᎵᏔᏛᏗ,u:lta:dvdi,,,,King seems to show *vi but it makes more sense as *vt to yield ultadvdi.  
,,,,,,
ENTRY,ᎠᎵᏖᎸᏂᎭ,a:lte:lv́:hniha,vt,He is swinging it.,,
,ᎦᎵᏕᎸᏂᎭ,ga:ldʔe:lv́:hniha,,,,
,ᎤᎵᏖᎸᏂᎸᎢ,u:lte:lv́:hnilv̌ʔi,,,,
,ᎠᎵᏖᎸᏂᎰᎢ,a:lte:lv́:hnihóʔi,,,,
,ᎭᎵᏖᎸᏂᎦ,ha:lte:lv́:hnga,,,,
,ᎤᎵᏖᎸᏂᏍᏗ,u:lte:lv́:hnsdi,,,,
,,,,,,
ENTRY,ᎠᎵᏗᎩᎠ,a:hlidgiʔa,vi,He is taking off running.,x,
,ᎦᎵᏗᎩᎠ,galidgiʔa,,,(dg??),
,ᎤᎵᏗᎩᏒᎢ,u:hlidgisv̌ʔi,,,"Should we list CED ""running away"" instead?",I suggest we add it rather than replace
,ᎠᎵᏗᎩᏍᎪᎢ,a:hlidgisgóʔi,,,Francis has IMM and PAST stems switched?,
,ᎭᎶᎩ,ha:hlo:gi,,,,
,ᎤᎵᏗᎩᏍᏗ,u:hlidgi:sdi,,,,
,,,,,,
ENTRY,ᎠᎵᏙᎩᏱᎠ,a:ltogi:yiʔa,vi,He is racing.,x,
,ᎦᎵᏙᎩᏱᎠ,ga:ldogi:yiʔa,,,,
,ᎤᎵᏙᎩᏱᏒᎢ,u:ltogi:yisv̌ʔi,,,,
,ᎠᎵᏙᎩᏱᏍᎪᎢ,a:ltogi:yisgóʔi,,,,
,ᎭᎵᏙᎩᏯ,ha:ltogi:ya,,,,
,ᎤᎵᏙᎩᏱᏍᏗ,u:ltogi:yi:sdi,,,,
,,,,,,
ENTRY,ᎠᎵᏣᏃᏍᎦ,ali:jano:sga,n,"Indigo bunting.;
biol. <em>Passerina cyanea.</em>",,
,,,,,,
ENTRY,ᎠᎵᏥᎭ,a:lji:ha,vi,It is boiling.,,
,-,,,,,
,ᎤᎵᏨᎯᎥᎢ,u:ljv́hi:v̌ʔi,,,,
,ᎠᎵᏥᏍᎪᎢ,a:lji:sgóʔi,,,,
,ᏩᎵᏣ,wa:lja,,,,
,ᎤᎵᏨᏗ,*u:ljhdi,,,,
,,,,,,
ENTRY,ᎠᎵᏥᏍᏈᏍᎦ,*a:lji:skwsga,vt,He is spitting.,x,
,ᎦᎵᏥᏍᏈᏍᎦ,*ga:lji:sgwsga,,,,
,ᎤᎵᏥᏍᏋᎢ,u:lji:skwv̌ʔi,,,,
,ᎠᎵᏥᏍᏈᏍᎪᎢ,*a:lji:skwsgóʔi,,,,
,ᎭᎵᏥᏍᏈ,ha:lji:sgwi,,,,
,ᎤᎵᏥᏍᏈᏍᏗ,*u:lji:skwsdi,,,,
note,"ᎾᏍᎩ ᏄᏪᏒ ᎦᏙᎯ <u>ᎤᎵᏥᏍᏋᎩ</u> …
These things saying, <u>he spat</u> on the ground …
[ᏣᏂ 9:6]",,,,,
,,,,,,
ENTRY,ᎠᎵᏥᏗᎭ,a:hli:dsdiha,vt,He is boiling it.,,
,ᎦᎵᏥᏗᎭ,gaʔli:dsdiha,,,,
,ᎤᎵᏥᏓᏅᎢ,u:hli:dsdanv̌ʔi,,,,
,ᎠᎵᏥᏗᏍᎪᎢ,a:hli:dsdisgóʔi,,,,
,ᎭᎵᏥᏓ,ha:hli:dsda,,,,
,ᎤᎵᏥᏙᏗ,u:hli:dsdo:di,,,,
,,,,,,
ENTRY,ᎠᎵᏥᏙᎲᏍᎦ,a:ljidóhv:sga,vi,He is preaching.,x,
,ᎦᎵᏥᏙᎥᏍᎦ,*ga:ljidohv:sga,,,Changed INF to match Francis,
,ᎤᎵᏥᏙᏅᎢ,u:ljidóhnv̌ʔi,,,,
,ᎠᎵᏥᏙᎲᏍᎪᎢ,a:ljidóhv:sgóʔi,,,,
,ᎭᎵᏥᏙᎲᎦ,ha:ljidóhv:ga,,,,
,ᎤᎵᏥᏙᏗ,u:ljido:hdi,,,,
note,"… ᎠᎴ <u>ᎠᎵᏥᏙᎲᏍᎬᎩ</u> ᎣᏍᏛ ᎧᏃᎮᏛ …
… and <u>proclaiming</u> the good news …
[ᎹᏚ 9:35]",,,,,
,,,,,,
ENTRY,ᎠᎵᏥᏙᎲᏍᎩ,a:ljidohvsgi,n,Preacher.,,
note,"… ᎠᎴ ᎦᏙ ᏱᎦᎵᏍᏙᏓ ᏯᎾᏛᎬᎦ ᎩᎶ <u>ᎠᎵᏥᏙᎲᏍᎩ</u> ᏄᏁᎲᎾ ᏱᎩ?
… and how shall they hear apart from <u>one preaching</u>?
[ᎶᎻ 10:14]",,,,,
,,,,,,
ENTRY,ᎠᎵᏰᎲᏍᎦ,a:liyehv:sga,vi,"It (a plant) is growing.;
It is sprouting.",x,
,-,,,,,
,ᎤᎵᏰᏅᎢ,u:liye:hnv̌ʔi,,,,
,ᎠᎵᏰᎲᏍᎪᎢ,a:liyehv:sgóʔi,,,,
,ᏩᎵᏰᎲᎦ,wa:liyehv:ga,,,,
,ᎤᎵᏰᏗ,u:liye:hdi,,,,
note,"ᎿᏉᏃ <u>ᎤᎵᏰᏅ</u> ᎠᎴ ᎤᎦᏔᏔᏅ ᎾᏍᏉ ᎤᏲ ᎤᎾᏄᎪᏤᎢ.
and when the <u>herb sprang up</u>, and yielded fruit, then appeared also the darnel.
[ᎹᏚ 13:26]",,,,,
,,,,,,
ENTRY,ᎠᎵᏰᎵ,a:hliyé:li,vi,He is moving.,,
,ᎦᎵᏰᎵ,gaʔliyé:li,,,,
,ᎤᎵᏰᎴᏒᎢ,u:hliyé:lesv̌ʔi,,,,
,ᎠᎵᏰᎵᏐᎢ,a:hliyé:li:sóʔi,,,,
,ᎭᎵᏰᎵᎦ,ha:hliyé:lʔga,,,,
,ᎤᎵᏰᎸᏍᏗ,u:hliyé:lvsdi,,,,
,,,,,,
ENTRY,ᎠᎵᏰᎶᏍᎦ,a:hliyéhlo:sga,vi,It is come to a point …,x,
,-,,,,,
,ᎤᎵᏰᎶᎸᎢ,u:hliyéhlolv̌ʔi,,,,
,ᎠᎵᏰᎶᏍᎪᎢ,a:hliyéhlo:sgóʔi,,,,
,ᏩᎵᏰᎶᎦ,wa:hliyéhlo:ga,,,,
,ᎤᎵᏰᎶᎯᏍᏗ,u:hliyéhlo:hisdi,,,,
note,"“ᎤᎾᏙᏓᏆᏍᎪᏃ <u>ᎤᎵᏰᎶᎸ</u>.”
“And the sabbath <u>having come</u>.”
[ᎹᎦ 6:2]
Literally - “And they often have holiday - <u>it did come to that point</u>.”",,,,,
,,,,,,
ENTRY,ᎠᎵᏰᏑᎶ,aliyésulo,n,Gloves.,,
,,,,,,
ENTRY,ᎠᎵᏰᏑᏍᏓᎩᎠ,a:li:ye:su:sdagíʔa,vt,He is taking off a ring.,x,
,ᎦᎵᏰᏑᏍᏓᎩᎠ,ga:li:ye:su:sdagíʔa,,,Francis list looks to be in error for HAB,
,ᎤᎵᏰᏑᏍᏓᎩᏒᎢ,u:li:ye:su:sdagísv̌ʔi,,,,
,ᎠᎵᏰᏑᏍᏓᎩᏍᎪᎢ,a:li:ye:su:sdagísgóʔi,,,,
,ᎭᎵᏰᏑᏍᏓᎩ,ha:li:ye:su:sdagi,,,,
,ᎤᎵᏰᏑᏍᏓᎩᏍᏗ,u:li:ye:su:sdagísdi,,,,
,,,,,,
ENTRY,ᎠᎵᏲᏪᏗᎭ,a:hliyo:wéhdiha,vi,"He is pouting.;
He is brooding.",,
,ᎦᎵᏲᏪᏗᎭ,gaʔliyo:wéhdiha,,,,
,ᎤᎵᏲᏪᏔᏅᎢ,u:hliyo:wéta:nv̌ʔi,,,,
,ᎠᎵᏲᏪᏗᏍᎪᎢ,a:hliyo:wéhdisgóʔi,,,,
,ᎭᎵᏲᏪᏓ,ha:hliyo:wéhda,,,,
,ᎤᎵᏲᏪᏙᏗ,u:hliyo:wéhdo:hdi,,,,
,,,,,,
ENTRY,ᎠᎶᏍᎦ,ahlo:sga,vt,"He is winning.;
He is beating him in a game.",x,
,ᏥᎶᏍᎦ,jì:lo:sga,,,Francis: Legibility of U vs O,
,ᎤᏩᎶᏒᎢ,u:wa:hlo:sv̌ʔi,,,,
,ᎠᎶᏍᎪᎢ,ahlo:sgóʔi,,,,
,ᎯᎶᎯ,hì:lo:hi,,,,
,ᎤᏩᎶᎯᏍᏗ,u:wa:hlo:hisdi,,,,
,,,,,,
ENTRY,ᎠᎶᏕᎯᎭ,a:lóʔde:hiha,vt,He is kicking him.,,
,ᏥᏯᎶᏕᎢᎭ,ji:ya:lóʔdeʔiha,,,,
,ᎤᎶᏕᎸᎢ,u:lóʔde:hlv̌ʔi,,,,
,ᎠᎶᏕᎯᎰᎢ,a:lóʔde:hihóʔi,,,,
,ᎯᏯᎶᏕᎦ,hi:ya:lóʔdega,,,,
,ᎤᎶᏕᏍᏗ,u:lóʔde:sdi,,,,
note,"ᎩᎵ <u>ᏧᎶᏕᎸᎩ</u>.
<u>He kicked</u> the dog.
[King pg 72]",,,,,
,,,,,,
ENTRY,ᎠᎷᎸᎥᏍᎦ,a:lu:lv́ʔvʔhsga,vt,She is giving birth.,x,
,ᎦᎷᎸᎥᏍᎦ,ga:lu:lv́ʔvʔhsga,,,Minor changes for ʔ placement,
,ᎤᎷᎸᎥᏅᎢ,u:lu:lv́ʔvhnv̌ʔi,,,,
,ᎠᎷᎸᎥᏍᎪᎢ,a:lu:lv́ʔvʔhsgóʔi,,,,
,ᎭᎷᎸᎥᎦ,ha:lu:lv́ʔv:ga,,,,
,ᎤᎷᎸᏗ,u:lu:lv́:hdi,,,,
,,,,,,
ENTRY,ᎠᎸᎢᎭ,a:hlv́:iha,vt,"He is tying up.;
He is bandaging.",,
,ᎦᎸᎢᎭ,gaʔlv́:iha,,,,
,ᎤᎸᎸᎢ,u:hlv́ʔlv̌ʔi,,,,
,ᎠᎸᎢᎰᎢ,a:hlv́:ihóʔi,,,,
,ᎭᎸᏣ,ha:hlv́:ja,,,,
,ᎤᎸᏍᏗ,u:hlv́:sdi,,,,
note,"… ᎠᎴ ᏅᏓᎦᎵᏍᏙᏗᏍᎬᎩ ᎾᏍᎩ <u>ᎤᎸᎸᎢ</u>.
… and because <u>he had bound him</u>,
[ᎨᏥᏅᏏᏛ ᏄᎾᏛᏁᎵᏙᎸᎢ 22:29]",,,,,
,,,,,,
ENTRY,ᎠᎹ,a:ma,n,Salt.,,
note,"ᎾᏂᎥᏰᏃ ᎠᏥᎸ ᎬᏗ ‾<u>ᎠᎹ</u> ᎨᏥᏅᏝᏰᏗ ᎨᏎᏍᏗ, ᎠᎴ ᏂᎦᎥ ᎠᏥᎸᎨᎳᏍᏗ ‾<u>ᎠᎹ</u> ᎦᏅᎵᏰᏗ ᎨᏎᏍᏗ.
for every one with fire shall be <u>salted</u>, and every sacrifice with <u>salt</u> shall be salted.
[ᎹᎦ 9:49]",,,,,
,,,,,,
ENTRY,ᎠᎹ,ama,n,Water.,,
note,"ᏔᎵᏁᏃ ᏨᎯᎪᎥᎩ ᎠᏛ <u>ᎠᎹ</u> ᏧᏍᏚᏢᎩ.
Again, as thou sawest the Damsel sprinkle the room with <u>Water</u>.
[ᏧᏁᎶᏗ ᏚᏂᎩᏒᏒᎢ]",,,,,
,,,,,,
ENTRY,ᎠᎹ ᎠᏍᏚᎩᏍᏗ,am asdugisdi,n,A water faucet.,,
,,,,,,
ENTRY,ᎠᎹ ᎠᏍᏛᎢ,am asdvʔi,n,A beach.,,
,,,,,,
ENTRY,ᎠᎹ ᎠᏍᏛᎯᏍᏛ,am a:sdvhi:sdv,n,A pond.,,
,,,,,,
ENTRY,ᎠᎹ ᎠᏕᏲᎲᎢ,am ade:hyohvʔi,n,A whirlpool.,,
,,,,,,
ENTRY,ᎠᎹ ᎠᏗᏙᏗ,am adito:di,n,Queen of the meadow.,,
,,,,,,
ENTRY,ᎠᎹ ᎠᏥᏍᏗ,*am ajisdi,n,A sink.,,
,,,,,,
ENTRY,ᎠᎹ ᎠᏰᎵ,am aye:hli,n,An island.,,
,,,,,,
ENTRY,ᎠᎹ ᎡᏉᎯ,am e:gwo:hi,n,An ocean.,,
,,,,,,
ENTRY,ᎠᎹ ᎤᏗᎴᎩ,am u:di:hleki,n,Hot water.,,
,,,,,,
ENTRY,ᎠᎹ ᎤᏩᏙᎣᎯᏍᏗ,am uwa:doʔohisdi,n,"Spicket.;
Spout.",,
,,,,,,
ENTRY,ᎠᎹ ᎤᏪᏓᏍᏗ,am uwedasdi,n,"Water pipe.;
Garden hose.",,
,,,,,,
ENTRY,ᎠᎹ ᎤᏯᏥ,*am u:hya:ji,n,Cold water.,,
,,,,,,
ENTRY,ᎠᎹ ᎦᏄᎪᎬᎢ,am ganu:go:gvʔi,n,A spring (of water).,,
note,"… ᎠᎴ ᎾᎿ ᎤᏂᏩᏛᎮ ᎠᎹ <u>ᎦᏄᎪᎬᎢ</u>.
…and find there <u>a well</u> of living water,
[ᎼᏏ ᎢᎬᏱᏱ 26:19]",,,,,
,,,,,,
ENTRY,ᎠᎹ ᎦᏙᎣᏍᎬᎢ,am gado:osgvʔi,n,A water fall.,,
,,,,,,
ENTRY,ᎠᎹᎨᎢ,amageʔi,n,"Hominy soup.;
Corn beer.",,
,,,,,,
ENTRY,ᎠᎹᎨᏴᎢ,ama:ge:yvʔi,n,"Creek.;
Branch.",,
,,,,,,
ENTRY,ᎠᎹ ᏗᏍᏚᎲᎢ,am disduhvʔi,n,A lake.,,
,,,,,,
ENTRY,ᎠᎹᏱ,ama:yi,n,River.,,
,,,,,,
ENTRY,ᎠᎼ ᎤᎵᏏ,amo uli:si,n,"Water cress.;
biol. <em>Nasturtium officinale.</em>",,
,,,,,,
ENTRY,ᎠᎾᎦᎵᎭ,aná:gali:ha,vi,It is lightening.,,
,-,,,,,
,ᎤᎾᎦᎸᎲᎢ,u:ná:galv:hv̌ʔi,,,,
,ᎠᎾᎦᎵᏍᎪᎢ,aná:gali:sgóʔi,,,,
,ᏩᎾᎦᎳ,waná:gala,,,,
,ᎤᎾᎦᎵᏗ,u:ná:ga:hldi,,,,
note,"… ᎠᎴ ᎤᏴᏓᏆᎶᎥᎩ, ᎠᎴ <u>ᎠᎾᎦᎵᏍᎬᎩ</u>, ᎠᎴ ᎡᎶᎯ ᎤᎵᏖᎸᏅᎩ.
… and thunders, and <u>lightnings</u>, and an earthquake.
[ᎠᏥᎾᏄᎪᏫᏎᎸᎢ 8:5]",,,,,
,,,,,,
ENTRY,ᎠᎾᎦᎵᏍᎩ,ana:galisgi,n,"Lightening.;
Battery.;
Electricity.",,
note,"ᏗᎧᏃᏗᏱ <u>ᎠᎾᎦᎵᏍᎩ</u> ᎾᏍᎩᏯ ᎨᏎᎢ …
and his countenance was as <u>lightning</u> …
[ᎹᏚ 28:3]",,,,,
,,,,,,
ENTRY,ᎠᎾᎵᏍᏆᎸᏍᎩ,ana:hlsgwalvsgi,n,Crowsfoot.,,
,,,,,,
ENTRY,ᎠᎾᏆᏂᎩ,ana:kwa:nki,n,Delaware Indians.,,
,,,,,,
ENTRY,ᎠᎾᏓᏌᏆᎴᎯᎭ,a:nadasagwalé:hiha,vi,They are rolling.,,
,-,,,,,
,ᎤᏓᏌᏆᎴᎸᎢ,u:dasagwalé:hlv̌ʔi,,,,
,ᎠᎾᏓᏌᏆᎴᎯᎰᎢ,a:nadasagwalé:hihóʔi,,,,
,ᏩᎾᏓᏌᏆᎴᎦ,wa:nadasagwalé:ga,,,,
,ᎤᏓᏌᏆᎴᏍᏗ,u:dasagwalé:sdi,,,,
,,,,,,
ENTRY,ᎠᎾᏓᏍᏓᏍᎩ,anada:sda:sgi,n,Violets.,,
,,,,,,
ENTRY,ᎠᎾᏓᏥ,*anda:ji,n,"Common evening-primrose.;
Evening star.;
Sun drop.;
biol. <em>Oenothera biennis.</em>",,
,,,,,,
ENTRY,ᎠᎾᏓᏥᎩᎭ,anadadsgi:ha,vi,"They are assembling together.;
They are gathering together.;
They are congregating.",,
,ᎣᏣᏓᏥᎩᎠ,*o:jadadsgiʔa,,,,
,ᎤᎾᏓᏥᎨᏛᎢ,unadadskdv̌ʔi,,,,
,ᎠᎾᏓᏥᎪᎢ,anadadsgóʔi,,,,
,ᎢᏣᏓᏥᎦ,*i:jadadsga,,,,
,ᎤᎾᏓᏥᎨᏗ,unadadskdi,,,,
,,,,,,
ENTRY,ᎠᎾᏓᏴᏔᏍᎩ,andayv:tasgi,n,Television.,,
,,,,,,
ENTRY,ᎠᎾᏔᏍᎩᏍᎩ,anta:sgi:sgi,n,Popcorn.,,
,,,,,,
ENTRY,ᎠᎿᏬᎩᎠ,a:hnawogiʔa,vt,"He is undressing.;
He is taking off his shirt.",x,
,ᎦᎿᏬᎩᎠ,gahnawogiʔa,,,Fixed Syllabary Ꮎ => Ꮏ,
,ᎤᎿᏬᎩᏒᎢ,u:hnawogi:sv̌ʔi,,,,
,ᎠᎿᏬᎩᏍᎪᎢ,a:hnawogi:sgóʔi,,,,
,ᎭᎿᏬᎩ,ha:hnawogi,,,,
,ᎤᎿᏬᎩᏍᏗ,u:hnawogi:sdi,,,,
,,,,,,
ENTRY,ᎠᏁᎳᏗᎠ,a:hne:ladiʔa,vi,"He is traveling.;
He is going on a trip.",,
,ᎦᏁᎳᏗᎠ,gaʔne:ladiʔa,,,,
,ᎤᏁᎳᏛᎢ,u:hne:ladv̌ʔi,,,,
,ᎠᏁᎳᏗᏍᎪᎢ,a:hne:ladisgóʔi,,,,
,ᎭᏁᎳᏓ,ha:hne:lada,,,,
,ᎤᏁᎳᏗᏍᏗ,u:hne:ladisdi,,,,
,,,,,,
ENTRY,ᎠᏁᏍᎨᎭ,a:hne:sge:ha,vt,He is building it.,x,
,ᎦᏁᏍᎨᎭ,gane:sge:ha,,,,
,ᎤᏁᏍᎨᎲᎢ,u:hne:sge:hv̌ʔi,,,,
,ᎠᏁᏍᎨᏍᎪᎢ,a:hne:sge:sgóʔi,,,,
,ᎭᏁᏍᎬᎵ,ha:hne:sgv:li,,,,
,ᎤᏁᏍᎨᏗ,u:hne:sge:hdi,,,,
note,"ᎢᏳᏃ ᎩᎶ ᏚᎸᏫᏍᏓᏁᎸ ᏱᏁᎬᏩᏍᏗᏉ ᎾᎿ <u>ᎤᏁᏍᎨᎲᎢ</u>, ᎾᏍᎩ ᎠᎦᎫᏴᎡᏗ ᎨᏎᏍᏗ.
if of any one the work doth remain that <u>he built</u> on [it], a wage he shall receive;
[ᎪᎵᏂᏗᏱ ᎢᎬᏱᏱ 3:14]",,,,,
,,,,,,
ENTRY,ᎠᏁᏍᏗᎭ,a:hne:tsdiha,vt,"He is interpreting it.;
He is translating it.",,
,ᎦᏁᏍᏗᎭ,gaʔne:sdiha,,,,
,ᎤᏁᏍᏓᏅᎢ,u:hne:sdaʔnv̌ʔi,,,,
,ᎠᏁᏍᏗᏍᎪᎢ,a:hne:sdisgóʔi,,,,
,ᎭᏁᏍᏓ,ha:hne:sda,,,,
,ᎤᏁᏍᏙᏗ,u:hne:sdo:hdi,,,,
,,,,,,
ENTRY,ᎠᏁᏣ,ane:ja,n,Ball game (stickball).,,
,,,,,,
ENTRY,ᎠᏁᏦᎥᏍᎦ,a:hne:joʔv:sga,vi,He is playing ball.,x,
,ᎦᏁᏦᎥᏍᎦ,gane:joʔv:sga,,,Francis has 'tsoh' and not 'tsoʔ'.,
,ᎤᏁᏦᏅᎢ,u:hne:joʔnv̌ʔi,,,,
,ᎠᏁᏦᎥᏍᎪᎢ,a:hne:joʔv:sgóʔi,,,,
,ᎭᏁᏦᎥᎦ,ha:hne:joʔv:ga,,,,
,ᎤᏁᏦᏗ,u:hne:jo:hdi,,,,
note,"… ᏴᏫ ᎤᎾᏅᏅᎩ ᏛᎾᎵᏍᏓᏴᏂᏒᎩ ᎠᎴ ᏛᎾᏗᏔᎯᏒᎩ, ᏚᎾᎴᏅᎩ <u>ᎤᎾᏁᏦᏅᎩ</u>.
… ‘The people sat down to eat and to drink, and stood up to <u>play</u>;’
[ᎪᎵᏂᏗᏱ ᎢᎬᏱᏱ 10:7]",,,,,
,,,,,,
ENTRY,ᎠᏁᏦᎥᏍᎩ,ane:joʔvsgi,n,Ball player.,,
,,,,,,
ENTRY,ᎠᏁᏦᏗ,ane:jo:di,n,Ball game (stickball).,,
,,,,,,
ENTRY,ᎠᏂ,a:ni,n,"Strawberry.;
Virginia Strawberry.;
biol. <em>Fragaria virginiana.</em>",,
note,"ᎤᎶᎩᎸ ᏑᏓᎵ <u>ᎠᏂ</u> ᏚᎨᎢ, ᏔᎵᏚ ᏚᎯᏰ. ᎭᎳᎢᎦ ᎨᏎ ᏂᎦᏓ <u>ᎠᏂ</u>?
Six <u>strawberries</u> were eaten, twelve remained. How many were all the <u>strawberries</u>?
[ᏣᎳᎩ ᏅᎩᏁ ᏗᏂᏂᏙᎯ ᏗᏕᏲᏙᏗ]",,,,,
,,,,,,
ENTRY,ᎠᏂᎦᎸᏥ,ani:galv:hji,n,Frenchmen.,,
,,,,,,
ENTRY,ᎠᏂᎧᏫ,ani:kawi,n,Deer clan.,,
,,,,,,
ENTRY,ᎠᏂᎧᏫᏔ,ani:kawi:ta,n,Creek (lower).,,
,,,,,,
ENTRY,ᎠᏂᎩᎵ,ani:gi:hli,n,"Congaree (the dog people), see Mooney pg 508.",,
,,,,,,
ENTRY,ᎠᏂᎩᎵᏏ,ani:gilisi,n,Englishmen.,,
,,,,,,
ENTRY,ᎠᏂᎩᎶᎯ,ani:gilohi,n,Long hair clan (twister).,,
,,,,,,
ENTRY,ᎠᏂᎩᏍᎩ,ani:ksgi,n,People with no clan affiliation.,,
,,,,,,
ENTRY,ᎠᏂᎪᏍᏓᏯ,ani:gosda:hya,n,"Chimney swift.;
biol. <em>Chaetura pelagica.</em>",,
,,,,,,
ENTRY,ᎠᏂᎪᏓᎨᏫ,ani:go:dage:wi,n,Wild potato clan.,,
,,,,,,
ENTRY,ᎠᏂᎫᏏ,ani:ku:si,n,Creek (upper).,,
,,,,,,
ENTRY,ᎠᏂᎬᎾᎨᎢ,ani:gvnageʔi,n,Black people.,,
,,,,,,
ENTRY,ᎠᏂᏃᏥ,ani:no:ji,n,Natchez.,,
,,,,,,
ENTRY,ᎠᏂᏅᏓᏪᎩ,ani:nv:dawe:gi,n,Iroquois.,,
,,,,,,
ENTRY,ᎠᏂᏆᏌᏏ,ani:kwa:sa:si,n,Osage.,,
,,,,,,
ENTRY,ᎠᏂᏇᎩ,ani:kwe:gi,n,Quakers.,,
,,,,,,
ENTRY,ᎠᏂᏌᎰᏂ,anisaho:ni,n,Blue clan.,,
,,,,,,
ENTRY,ᎠᏂᏌᏩᏄᎩ,ani:sa:wanu:gi,n,Shawnee.,,
,,,,,,
ENTRY,ᎠᏂᏍᎦᎶᎵ,ani:sgalo:li,n,Tuscarora.,,
,,,,,,
ENTRY,ᎠᏂᏍᎦᏥ,ani:sga:ji,n,Scotchmen.,,
,,,,,,
ENTRY,ᎠᏂᏍᎩᎾ ᎤᎾᏁᏌᏓ,ani:sgina unanesada,n,"Common greenbrier.;
biol. <em>Smilax rotundifolia.</em>",,
,,,,,,
ENTRY,ᎠᏂᏍᎬᏘ,a:hnsgv:ti,n,May.,,
,,,,,,
ENTRY,ᎠᏂᏍᏆᏂ,ani:sgwa:ni,n,Spaniards.,,
,,,,,,
ENTRY,ᎠᏂᏎᎻᏃᎵ,ani:se:mino:li,n,Seminole.,,
,,,,,,
ENTRY,ᎠᏂᏎᏂᎧ,ani:se:nika,n,Seneca.,,
,,,,,,
ENTRY,ᎠᏂᏑᎵ,anisu:li,n,"Jury.;
They are buzzards.",,
,,,,,,
ENTRY,ᎠᏂᏑᏩᎵ,ani:suwa:li,n,Cheraw or sera.,,
,,,,,,
ENTRY,ᎠᏂᏒᏅᎯᏓ,ani:svnvhi:da,n,Horse corn.,,
,,,,,,
ENTRY,ᎠᏂᏓᏥ,ani:da:ji,n,Germans.,,
,,,,,,
ENTRY,ᎠᏂᏔᏈ,ani:ta:gwi,n,Catawba.,,
,,,,,,
ENTRY,ᎠᏂᏛᎿᏗᎠ,a:ndv:hnadiʔa,vi,It is grazing.,x,
,-,,,,Changed PAST to match Francis,
,ᎤᏂᏛᎿᏗᏒᎢ,u:ndv:hnadi:sv̌ʔi,,,Changed IMP to match Francis,
,ᎠᏂᏛᎿᏗᏍᎪᎢ,a:ndv:hnadisgóʔi,,,,
,ᏩᏂᏛᎿᏗ,wa:ndv:hnadi,,,,
,ᎤᏂᏛᎿᏗᏍᏗ,u:ndv:hnadi:sdi,,,,
,,,,,,
ENTRY,ᎠᏂᏣᎧᏔ,*ani:ja:kta,n,Choctaw.,,
,,,,,,
ENTRY,ᎠᏂᏥᎧᏌ,ani:ji:kasa,n,Chickasaw.,,
,,,,,,
ENTRY,ᎠᏂᏥᏍᏆ,ani:ji:sgwa,n,Bird clan.,,
,,,,,,
ENTRY,ᎠᏂᏩᏥᏂ,ani:wa:ji:ni,n,"Virginians.;
Federal government officials.",,
,,,,,,
ENTRY,ᎠᏂᏩᏯ,ani:hwaya,n,Wolf clan.,,
,,,,,,
ENTRY,ᎠᏂᏬᏂᏍᎩ,ani:woʔnisgi,n,"Virginia water horehound.;
Sweet bugleweed.;
biol. <em>Lycopus virginicus.</em>",,
,,,,,,
ENTRY,ᎠᏂᏬᏗ,ani:wo:di,n,Paint clan.,,
,,,,,,
ENTRY,ᎠᏂᏳᏥ,ani:yu:ji,n,Yuchi.,,
,,,,,,
ENTRY,ᎠᏄᎩᏣᏍᎦ,a:hnu:gicha:sga,vt,He is hugging him.,x,
,ᏥᏯᏄᎩᏣᏍᎦ,*ji:yanu:gicha:sga,,,Francis: Metathesis,
,ᎤᏄᎩᏨᏅᎢ,u:hnu:gichv:nv̌ʔi,,,,
,ᎠᏄᎩᏣᏍᎪᎢ,a:hnu:gicha:sgóʔi,,,,
,ᎯᏯᏄᎩᏣᎦ,hi:yanu:gichaga,,,,
,ᎤᏄᎩᏣᏗ,u:hnu:gicha:hdi,,,,
note,"ᎩᎶ <u>ᎠᏆᏄᎩᏣᏗ</u> ᎠᏆᏚᎵᎭ. 
I need someone <u>to hug me</u>. ",,,,,
ENTRY,ᎠᏄᎳᏥᏴᎢ,anula:jiyvʔi,n,His rib.,,
,ᏓᏄᎳᏥᏴᎢ,danula:jiyvʔi,,,,
,ᏥᏄᎳᏥᏴᎢ,jinula:jiyvʔi,,,,
,ᏕᏥᏄᎳᏥᏴᎢ,de:jinula:jiyvʔi,,,,
,,,,,,
ENTRY,ᎠᏅᎡᎭ,anvʔe:ha,vt,He is taking it (something flexible) or it (something solid) to him.,,
,ᏥᏅᎡᎠ,ji:nvʔeʔa,,,,
,ᎤᏅᎡᎸᎢ,u:nvʔelv̌ʔi,,,,
,ᎠᏅᎡᎰᎢ,anvʔe:hóʔi,,,,
,ᎯᏅᎥᏍᏗ,hi:nvv:sdi,,,,
,ᎤᏅᎡᏗ,u:nvʔe:hdi,,,,
,,,,,,
ENTRY,ᎠᏅᏬ,a:hnvwo,n,"Cloth.;
A shirt.",,
,,,,,,
ENTRY,ᎠᏅᏱ,anv:hyi,n,March (month).,,
,,,,,,
ENTRY,ᎠᏆᎸᏂᎭ,a:kwalvʔniha,vt,He is slapping it.,,
,ᏥᏆᎸᏂᎠ,jikwalvʔniʔa,,,,
,ᎤᏆᎸᏂᎸᎢ,u:kwalvʔniʔlv̌ʔi,,,,
,ᎠᏆᎸᏂᎰᎢ,a:kwalvʔnihóʔi,,,,
,ᎯᏆᎸᏣ,hikwalvʔja,,,,
,ᎤᏆᎸᏂᏍᏗ,u:kwalvʔnisdi,,,,
,,,,,,
ENTRY,ᎠᏆᎸᏂᎭ,a:gwalvʔníha,vt,"He is spanking him.;
He is paddling him.",,
,ᏥᏯᏆᎸᏂᎠ,ji:ya:gwalvʔniʔa,,,,
,ᎤᏆᎸᏂᎸᎢ,u:gwalvʔníʔlv̌ʔi,,,,
,ᎠᏆᎸᏂᎰᎢ,a:gwalvʔníhóʔi,,,,
,ᎯᏯᏆᎸᏂᎦ,hi:ya:gwalvʔní:ga,,,,
,ᎤᏆᎸᏂᏍᏗ,u:gwalvʔnǐ:hsdi,,,,
,,,,,,
ENTRY,ᎠᏆᎾᏲᎯᎭ,akwanayóhiha,vi,He is playing cards.,,
,ᏥᏆᎾᏲᎯᎭ,jikwanayóhiha,,,,
,ᎤᏆᎾᏲᎸᎢ,u:kwanayóhlv̌ʔi,,,,
,ᎠᏆᎾᏲᎯᎰᎢ,akwanayóhihóʔi,,,,
,ᎯᏆᎾᏲᎭᎦ,hikwanayóha:ga,,,,
,ᎤᏆᎾᏲᏍᏗ,u:kwanayǒ:hsdi,,,,
,,,,,,
ENTRY,ᎠᏆᏲᎯᎭ,a:gwayo:hiha,vt,He is flipping it (something alive) with his finger.,,
,ᏥᏯᏆᏲᎢᎭ,ji:ya:gwayoʔiha,,,,
,ᎤᏆᏲᎸᎢ,u:gwayo:hlv̌ʔi,,,,
,ᎠᏆᏲᎯᎰᎢ,a:gwayo:hihóʔi,,,,
,ᎯᏯᏆᏲᎦ,hiya:gwayoʔga,,,,
,ᎤᏆᏲᏍᏗ,u:gwayo:sdi,,,,
,,,,,,
ENTRY,ᎠᏇᎷᏍᎦ,a:gwe:lu:sga,vt,He is putting a ribbon in his hair.,x,
,ᎦᏇᎷᏍᎦ,ga:gwe:lu:sga,,,,
,ᎤᏇᎷᏅᎢ,u:gwe:luhnv̌ʔi,,,,
,ᎠᏇᎷᏍᎪᎢ,a:gwe:lu:sgóʔi,,,,
,ᎭᏇᎷᎦ,ha:gwe:lu:ga,,,,
,ᎤᏇᎷᏍᏗ,u:gwe:lu:sdi,,,,
,,,,,,
ENTRY,ᎠᏇᎷᏍᏗ,agwe:hlu:sdi,n,Ribbon.,,
,,,,,,
ENTRY,ᎠᏇᏄᎩᎠ,agwenu:giʔa,vt,He is pinching him.,x,
,ᏥᏇᏄᎩᎠ,jigwenu:giʔa,,,"Francis has ""ngi"" not ""nugi"".",
,ᎤᏇᏄᎩᏒᎢ,u:gwenu:gisv̌ʔi,,,,
,ᎠᏇᏄᎩᏍᎪᎢ,agwenu:gisgóʔi,,,,
,ᎯᏇᏄᎩ,higwenu:gi,,,,
,ᎤᏇᏄᎩᏍᏗ,u:gwenu:gisdi,,,,
,,,,,,
ENTRY,ᎠᏈᏍᏙᎯ ᎦᎸᏙᏗ,aksdohi galv:do:hdi,n,Pillow case.,,
,,,,,,
ENTRY,ᎠᏈᏱᎭ,a:kwihyiha,vt,He is paying.,,
,ᎦᏈᏱᎭ,ga:gwiʔyiha,,,,
,ᎤᏈᏴᎲᎢ,u:kwihyvhv̌ʔi,,,,
,ᎠᏈᏱᏍᎪᎢ,a:kwihyisgóʔi,,,,
,ᎭᏈᏯ,ha:kwihya,,,,
,ᎤᏈᏴᏗ,u:kwihyhdi,,,,
note,"ᏗᏕᏲᎲᏍᎩ ᎧᎵᏎᏥ ᏚᏩᏎᎢ ᏧᏂᏍᏗᎩᏍᏗ. $1.25 ᏚᏈᏴᎮᎢ. ᏅᎩ ᏚᏩᏎᎢ. ᎭᎳ ᎢᎦ <u>ᏚᏈᏴᎮᎢ</u> ᏂᎦᏓ?
The teacher bought candy for eating. He paid $1.25. He bought four. How much <u>did he pay</u> for all of them?
[ᏣᎳᎩ ᏅᎩᏁ ᏗᏂᏂᏙᎯ ᏗᏕᏲᏙᏗ]",,,,,
,,,,,,
ENTRY,ᎠᏈᏴᎡᎭ,a:kwihyvʔe:ha,vt,He is paying him.,,
,ᏥᏯᏈᏴᎡᎭ,ji:ya:gwiʔyvʔe:ha,,,,
,ᎤᏈᏴᎡᎸᎢ,u:kwihyvʔeʔlv̌ʔi,,,,
,ᎠᏈᏴᎡᎰᎢ,a:kwihyvʔe:hóʔi,,,,
,ᎯᏯᏈᏴᎥᎢ,hi:ya:gwiʔyvʔvʔi,,,,
,ᎤᏈᏴᎡᏗ,u:kwihyvʔe:hdi,,,,
,,,,,,
ENTRY,ᎠᏌᎧᎠ,a:hsa:kaʔa,vi,He is lightweight.,,
,ᏥᏌᎧᎠ,jiʔsa:kaʔa,,,,
,ᎤᏌᎧᎮᏍᏛᎢ,u:hsa:ka:hesdv̌ʔi,,,,
,ᎠᏌᎧᎰᎢ,a:hsa:ka:hóʔi,,,,
,ᎯᏌᎧᎮᏍᏗ,hiʔsa:ka:hesdi,,,,
,ᎤᏌᎪᏗ,u:hsa:ko:hdi,,,,
,,,,,,
ENTRY,ᎠᏌᎩᎠ,a:sahgiʔa,vi,He is emitting body gas; He is farting,x,
,ᎦᏌᎩᎠ,ga:saʔgiʔa,,,,
,ᎤᏌᎩᏒᎢ,u:sahgi:sv̌ʔi,,,,
,ᎠᏌᎩᏍᎪᎢ,a:sahgi:sgóʔi,,,,
,ᎭᏌᎩ,ha:sahgi,,,,
,ᎤᏌᎩᏍᏗ,u:sahgi:sdi,,,,
,,,,,,
ENTRY,ᎠᏌᎩᎠ,a:sagiʔa,vt,He is removing it (something solid) from a shelf.,x,
,ᏥᏌᎩᎠ,jisagiʔa,,,,
,ᎤᏌᎩᏒᎢ,u:sagi:sv̌ʔi,,,,
,ᎠᏌᎩᏍᎪᎢ,a:sagi:sgóʔi,,,,
,ᎯᏌᎩ,hisagi,,,,
,ᎤᏌᎩᏍᏗ,u:sagi:sdi,,,,
,,,,,,
ENTRY,ᎠᏌᎩᏏᏙᎠ,a:hsagi:sidoʔa,vt,He is subtracting.,,
,ᏥᏌᎩᏏᏙᎠ,jiʔsagi:sidoʔa,,,,
,ᎤᏌᎩᏏᏙᎸᎢ,u:hsagi:sidoʔlv̌ʔi,,,,
,ᎠᏌᎩᏏᏙᎰᎢ,a:hsagi:sido:hóʔi,,,,
,ᎯᏌᎩᏏᏓ,hihsagi:sida,,,,
,ᎤᏌᎩᏏᏙᎠᏍᏗ,u:hsagi:sidoʔasdi,,,,
,,,,,,
ENTRY,ᎠᏌᎲᎠ,a:hsahvʔa,vt,He is pushing it (something solid) aside.,,
,ᏥᏌᎲᎠ,jiʔsahvʔa,,,,
,ᎤᏌᎲᏒᎢ,u:hsahv:sv̌ʔi,,,,
,ᎠᏌᎲᎥᏍᎪᎢ,a:hsahvʔvsgóʔi,,,,
,ᎯᏌᎲᎾ,hiʔsahv:na,,,,
,ᎤᏌᎲᏍᏗ,u:hsahv:sdi,,,,
,,,,,,
ENTRY,ᎠᏌᎲᏍᎦ,a:hsahv́:hsga,vt,"He is putting it (something solid) up. on a raised surface, shelf",x,
,ᏥᏌᎲᏍᎦ,jiʔsahv́:hsga,,,Fixed INF,
,ᎤᏌᏅᎢ,u:hsahnv̌ʔi,,,,
,ᎠᏌᎲᏍᎪᎢ,a:hsahv́:hsgóʔi,,,,
,ᎯᏌᎲᎦ,hihsahv́ʔga,,,,
,ᎤᏐᏗ,u:hso:hdi,,,,
,,,,,,
ENTRY,ᎠᏌᎳᏓ,a:hsala:dʔa,vt,"He is raising it.;
He is lifting it.",,
,ᏥᏌᎳᏓ,jiʔsala:dʔa,,,,
,ᎤᏌᎳᏛᎢ,u:hsala:dv̌ʔi,,,,
,ᎠᏌᎳᏓᏍᎪᎢ,a:hsala:dʔsgóʔi,,,,
,ᎯᏌᎳᏓᎦ,hiʔsala:daga,,,,
,ᎤᏌᎳᏙᏗ,u:hsala:do:hdi,,,,
note,"… ᏇᎵᏲ ᎠᏴ, ᎠᎴ ᏂᎯ ᏂᏣᏁᏨᎾ ᎥᏝ ᎩᎶ <u>ᎤᏌᎳᏙᏗ</u> ᏱᎨᏎᏍᏗ ᎤᏬᏰᏂ ᎠᎴ ᎤᎳᏏᏕᏂ ᏂᎬᎾᏛ ᎢᏥᏈᏱ.
… 'I [am] Pharaoh, and without thee a man doth not <u>lift up</u> his hand and his foot in all the land of Egypt;'
[ᎼᏏ ᎢᎬᏱᏱ 41:44]",,,,,
,,,,,,
ENTRY,ᎠᏌᎳᏗᎠ,a:hsáʔldiʔa,vt,He is lifting it.,,
,ᏥᏌᎳᏗᎠ,*jiʔsáʔldiʔa,,,,
,ᎤᏌᎳᏓᏅᎢ,uʔsáʔldaʔnv̌ʔi,,,,
,ᎠᏌᎳᏗᏍᎪᎢ,aʔsáʔldisgóʔi,,,,
,ᎯᏌᎳᏗᎦ,hiʔsáʔldʔga,,,,
,ᎤᏌᎳᏙᏗ,u:hsáʔldo:di,,,,
note,"… ᎠᎴ ᎦᏙᎯ ᏧᏔᏏᏅᎯ, ᎦᎸᎳᏗ ᎢᏗᏢ <u>ᎤᏌᎳᏓᏅᎩ</u> ᎤᏬᏰᏂ,
… and upon the land, <u>did lift up</u> his hand to the heaven,
[ᎠᏥᎾᏄᎪᏫᏎᎸᎢ 10:5]",,,,,
,,,,,,
ENTRY,ᎠᏌᏂᏙᎭ,a:sani:do:ha,vt,He is adding.,,
,ᏥᏌᏂᏙᎭ,jisani:do:ha,,,,
,ᎤᏌᏂᏙᎸᎢ,u:sani:doʔlv̌ʔi,,,,
,ᎠᏌᏂᏙᎰᎢ,a:sani:do:hóʔi,,,,
,ᎯᏌᏂᏓ,hisani:da,,,,
,ᎤᏌᏂᏙᎠᏍᏗ,u:sani:doasdi,,,,
,,,,,,
ENTRY,ᎠᏌᏃ,asano,n,"A skirt.;
A dress.",,
,,,,,,
ENTRY,ᎠᏌᏆᎴᎭ,asagwáhle:ha,vt,He is rolling it.,,
,ᏥᏌᏆᎴᎭ,jisagwáhle:ha,,,,
,ᎤᏌᏆᎴᎸᎢ,u:sagwáhlelv̌ʔi,,,,
,ᎠᏌᏆᎴᎰᎢ,asagwáhle:hóʔi,,,,
,ᎯᏌᏆᎴᎦ,hisagwáhlega,,,,
,ᎤᏌᏆᎴᏍᏗ,u:sagwáhle:sdi,,,,
,,,,,,
ENTRY,ᎠᏌᏆᎴᎵ,asagwale:hli,vi,He is rolling along.,,
,ᏥᏌᏆᎴᎵ,jisʔagwale:hli,,,,
,ᎤᏌᏆᎴᎴᏒᎢ,u:sagwale:hlesv̌ʔi,,,,
,ᎠᏌᏆᎴᎵᏐᎢ,asagwale:hli:sóʔi,,,,
,ᎯᏌᏆᎴᎷᎦ,hisagwale:hluʔga,,,,
,ᎤᏌᏆᎴᎸᏍᏗ,u:sagwale:hlvsdi,,,,
,,,,,,
ENTRY,ᎠᏌᏆᎴᏍᎦ,a:sagwale:sga,vt,He is rolling it around.,x,
,ᏥᏌᏆᎴᏍᎦ,jisagwale:sga,,,,
,ᎤᏌᏆᎴᎸᎢ,u:sagwale:hlv̌ʔi,,,,
,ᎠᏌᏆᎴᏍᎪᎢ,a:sagwale:sgóʔi,,,,
,ᎯᏌᏆᎴᎦ,hisagwale:ga,,,,
,ᎤᏌᏆᎴᏗ,u:sagwa:hldi,,,,
,,,,,,
ENTRY,ᎠᏌᏗᎠ,a:hsá:diʔa,vt,He is putting it (something long) up.,,
,ᏥᏌᏗᎠ,jiʔsá:diʔa,,,,
,ᎤᏌᏛᎢ,u:hsá:dʔv̌ʔi,,,,
,ᎠᏌᏗᏍᎪᎢ,a:hsá:disgóʔi,,,,
,ᎯᏌᏓ,hihsá:da,,,,
,ᎤᏌᏗᏍᏗ,u:sá:disdi,,,,
,,,,,,
ENTRY,ᎠᏌᏙᎥᏗᎭ,a:hsadoʔvdiha,vt,He is knocking over a stack of objects.,,
,ᏥᏌᏙᎥᏗᎭ,jiʔsadoʔvdiha,,,,
,ᎤᏌᏙᎥᏔᏅᎢ,u:hsadoʔvtanv̌ʔi,,,,
,ᎠᏌᏙᎥᏗᏍᎪᎢ,a:hsadoʔvdisgóʔi,,,,
,ᎯᏌᏙᎥᏓ,hihsadoʔvda,,,,
,ᎤᏌᏙᎥᏙᏗ,u:hsadoʔvdo:di,,,,
,,,,,,
ENTRY,ᎠᏌᏙᏯᏍᎦ,asadóyhsga,vt,He is pushing it.,,
,ᏥᏌᏙᏯᏍᎦ,*jisʔadóyhsga,,,,
,ᎤᏌᏙᏯᎲᎢ,u:sadóyhv̌ʔi,,,,
,ᎠᏌᏙᏯᏍᎪᎢ,asadóyhsgóʔi,,,,
,ᎯᏌᏙᏯᎭ,hisadóyha,,,,
,ᎤᏌᏙᏯᏍᏗ,u:sadóyhsdi,,,,
,,,,,,
ENTRY,ᎠᏌᏛᎥᏍᎦ,a:hsadvʔvhsga,vt,"He is trapping.;
He is setting a trap.",x,Added back /h/ and /ʔ/ to 1st pers sing (alternation). 
,ᏥᏌᏛᎥᏍᎦ,jiʔsadvʔvhsga,,,,
,ᎤᏌᏛᏅᎢ,u:hsadv:hnv̌ʔi,,,,
,ᎠᏌᏛᎥᏍᎪᎢ,a:hsadvʔvhsgóʔi,,,,
,ᎯᏌᏛᎥᎦ,hihsadvʔvʔga,,,,
,ᎤᏌᏛᏗ,u:sadv:hdi,,,,
note,"ᎾᏍᎩ ᎯᎠ ᏄᏂᏪᏒᎩ <u>ᎠᏂᏌᏛᎥᏍᎬᎩ</u> …
and this they said, <u>trying him</u> …
[ᏣᏂ 8:6]",,,,,
,,,,,,
ENTRY,ᎠᏍᎦᎢᎭ,a:sgaʔiha,vt,He is afraid of.,,
,ᏥᏍᎦᎢᎭ,jisgaʔiha,,,,
,ᎤᏍᎦᎸᎢ,u:sgaʔlv̌ʔi,,,,
,ᎠᏍᎦᎢᎰᎢ,a:sgaʔihóʔi,,,,
,ᎯᏍᎦᏯ,hisgaya,,,,
,ᎤᏍᎦᏍᏗ,u:sgasdi,,,,
note,"ᎠᎴ ᎠᎵ ᎬᏩᎰᏅᎯ ᎦᏙᎪᎢ, ᎠᎴ ᎤᏪᎾᏫᏍᎪ <u>ᎠᏍᎦᎢᎲᎢ</u>.
Here therefore he sweat and did quake <u>for fear</u>.
[ᏧᏁᎶᏗ ᏚᏂᎩᏒᏒᎢ]",,,,,
,,,,,,
ENTRY,ᎠᏍᎦᎵᎦ,a:sgáhlga,vt,He is biting it.,,
,ᏥᏍᎦᎵᎦ,jisgáhlga,,,,
,ᎤᏍᎦᎵᏨᎢ,u:sgáhljv̌ʔi,,,,
,ᎠᏍᎦᎵᎪᎢ,a:sgáhlgóʔi,,,,
,ᎯᏍᎦᎳ,hisgáhla,,,,
,ᎤᏍᎦᎵᏍᏗ,u:sgáhlsdi,,,,
,,,,,,
ENTRY,ᎠᏍᎦᏃᎳ,a:sgano:la,vi,He is slow.,,
,ᏥᏍᎦᏃᎳ,jisgano:la,,,,
,ᎤᏍᎦᏃᎳᏛᎢ,u:sgano:ladv̌ʔi,,,,
,ᎠᏍᎦᏃᎶᎢ,a:sgano:lóʔi,,,,
,ᎯᏍᎦᏃᎴᏍᏗ,hisgano:le:sdi,,,,
,ᎤᏍᎦᏃᎳᏗᏍᏗ,u:sgano:ladisdi,,,,
,,,,,,
ENTRY,ᎠᏍᎦᏅᎦ,a:sganv:ga,vi,He is misbehaving.,,
,ᏥᏍᎦᏅᎦ,jisganv:ga,,,,
,ᎤᏍᎦᏅᏨᎢ,u:sganvʔjv̌ʔi,,,,
,ᎠᏍᎦᏅᎪᎢ,a:sganv:góʔi,,,,
,ᎯᏍᎦᏅᎩ,hisganvʔgi,,,,
,ᎤᏍᎦᏅᎢᏍᏗ,u:sganvʔisdi,,,,
note,"ᏰᎵᏉᏍᎪᏃᏅ <u>ᎠᎩᏍᎦᏅᏨ</u> ᎦᏴᎩᏙᎵᏍᏗ?
But may <u>my sin</u> be forgiven?
[ᏧᏁᎶᏗ ᏚᏂᎩᏒᏒᎢ]",,,,,
,,,,,,
ENTRY,ᎠᏍᎦᏯ,asga:ya,n,Man.,,
,ᏥᏍᎦᏯ,jisga:ya,,,,
note,"ᎯᎠᏃ ᏄᏪᏒ <u>ᎠᏍᎦᏯ</u>.
The <u>Man</u> answered.
[ᏧᏁᎶᏗ ᏚᏂᎩᏒᏒᎢ]",,,,,
,,,,,,
ENTRY,ᎠᏍᎩᎸᎥᏍᎦ,asgilvʔv:sga,vt,He is sitting (on something).,x,
,ᎦᏍᎩᎸᎥᏍᎦ,gasgilvʔv:sga,,,,
,ᎤᏍᎩᎸᏅᎢ,u:sgilvʔnv̌ʔi,,,,
,ᎠᏍᎩᎸᎥᏍᎪᎢ,asgilvʔv:sgóʔi,,,,
,ᎭᏍᎩᎸᎥᎦ,hasgilvʔv:ga,,,,
,ᎤᏍᎩᎸᏗ,u:sgilvʔdi,,,,
,,,,,,
ENTRY,ᎠᏍᎩᎾ,asgi:na,n,"Devil.;
Spirit.;
Soul.",,
note,"… <u>ᎠᏍᎩᎾ</u> ᎤᎪᎵᏰᏗᏱ ᎠᏰᎸᏎᎢ.
… to be tempted by <u>the Devil</u>,
[ᎹᏚ 4:1]",,,,,
,,,,,,
ENTRY,ᎠᏍᎩᏘᏍᎦ,a:sgí:tsga,vt,He is dreaming about it.,,
,ᎦᏍᎩᏘᏍᎦ,ga:sgí:tsga,,,,
,ᎤᏍᎩᏨᎢ,u:sgí:jv̌ʔi,,,,
,ᎠᏍᎩᏘᏍᎪᎢ,a:sgí:tsgóʔi,,,,
,ᎭᏍᎩᏘᏍᎩ,ha:sgí:tsgi,,,,
,ᎤᏍᎩᏘᏍᏗ,u:sgí:tsdi,,,,
,,,,,,
ENTRY,ᎠᏍᎩᏨᎥᏍᎦ,asgi:chvʔv:sga,vt,He is dreaming of many things.,x,
,ᎦᏍᎩᏨᎥᏍᎦ,gasgi:chvʔv:sga,,,Francis: Metathesis?,
,ᎤᏍᎩᏨᏅᎢ,u:sgi:chvʔnv̌ʔi,,,Changed PAST to Francis form,
,ᎠᏍᎩᏨᎥᏍᎪᎢ,asgi:chvʔv:sgóʔi,,,,
,ᎭᏍᎩᏨᎥᎦ,hasgi:chvʔv:ga,,,,
,ᎤᏍᎩᏨᏗ,u:sgi:chv:di,,,,
,,,,,,
ENTRY,ᎠᏍᎪᎩᎠ,a:sgo:giʔa,vt,He is gnawing.,,
,ᏥᏍᎪᎩᎠ,jisgo:giʔa,,,,
,ᎤᏍᎪᎬᎢ,u:sgo:gv̌ʔi,,,,
,ᎠᏍᎪᎩᏍᎪᎢ,a:sgo:gʔsgóʔi,,,,
,ᎯᏍᎪᎦ,hisgo:ga,,,,
,ᎤᏍᎪᎩᏍᏗ,u:sgo:gisdi,,,,
,,,,,,
ENTRY,ᎠᏍᎪᎵ,asgo:li,n,His head.,,
,ᏥᏍᎪᎵ,jisgo:li,,,,
note,"… ᎠᎴ ᎠᎵᏍᏚᎶ ᎠᏕᎸ ᏓᎶᏂᎨᏍᏛᎭ <u>ᎠᏍᎪᎵ</u> ᎦᎸᎳᏗᏢ ᏥᎦᏔ …
… and that a Crown hangs over <u>his head</u> …
[ᏧᏁᎶᏍᏗ ᏚᏂᎩᏒᏒᎢ - ᎠᏁᏢᏗᏍᎩ]",,,,,
,,,,,,
ENTRY,ᎠᏍᎪᎸᎦ,a:sgo:lvga,vi,He is fading.,,
,ᏥᏍᎪᎸᎦ,jisgo:lvga,,,,
,ᎤᏍᎪᎸᏨᎢ,u:sgo:lv:jv̌ʔi,,,,
,ᎠᏍᎪᎸᎪᎢ,a:sgo:lvgóʔi,,,,
,ᎯᏍᎪᎸᎩ,hisgo:lv:gi,,,,
,ᎤᏍᎪᎸᎢᏍᏗ,u:sgo:lvʔisdi,,,,
note,"ᎠᏕᏗᏱᏍᎩᏂ, ᎠᏲᎩ, ᎠᎴ ᎠᎦᏓᎯᏲᎩ, ᎠᎴ <u>ᎠᏍᎪᎸᎩ</u> ᏂᎨᏒᎾ …
I seek an <em>Inheritance incorruptible</em>, <em>undefiled</em>, <em>and that <u>fadeth</u> not away</em> …
[ᏧᏁᎶᏗ ᏚᏂᎩᏒᏒᎢ]",,,,,
,,,,,,
ENTRY,ᎠᏍᎪᏍᎦ,asgo:sga,vi,He is digging.,x,
,ᎦᏍᎪᏍᎦ,gasgo:sga,,,,
,ᎤᏍᎪᏒᎢ,u:sgo:sv̌ʔi,,,,
,ᎠᏍᎪᏍᎪᎢ,asgo:sgóʔi,,,,
,ᎭᏍᎪᎳ,hasgola,,,,
,ᎤᏍᎪᏍᏗ,u:sgo:sdi,,,,
note,"… ᎠᎴ ᎬᏩᏃᏁᎴ ᎠᎹ ᎠᏢᏗᏱ <u>ᎤᎾᏍᎪᏒ</u> ᎤᎬᏩᎵ, ᎠᎴ ᎯᎠ ᏂᎬᏩᏪᏎᎴᎢ, ᎠᎹ ᎣᏥᏁᏩᏛ.
… the circumstances of the well which <u>they have digged</u>, and say to him, 'We have found water;'
[ᎼᏏ ᎢᎬᏱᏱ 26:32]",,,,,
,,,,,,
ENTRY,ᎠᏍᎫᏓᎩᎠ,a:sgu:dagiʔa,vi,He is cutting the head off of a cabbage.,x,
,ᏥᏍᎫᏓᎩᎠ,jisgu:dagiʔa,,,Francis has plural IMM form?,
,ᎤᏍᎫᏓᎩᏒᎢ,u:sgu:dagi:sv̌ʔi,,,,
,ᎠᏍᎫᏓᎩᏍᎪᎢ,a:sgu:dagi:sgóʔi,,,,
,ᎯᏍᎫᏓᎩ,hisgu:dagi,,,,
,ᎤᏍᎫᏓᎩᏍᏗ,u:sgu:dagi:sdi,,,,
,,,,,,
ENTRY,ᎠᏍᎫᏓᏔᏍᎦ,asgu:data:sga,vi,It is budding.,x,
,-,,,,,
,ᎤᏍᎫᏓᏔᏅᎢ,u:sgu:datahnv̌ʔi,,,,
,ᎠᏍᎫᏓᏔᏍᎪᎢ,asgu:data:sgóʔi,,,,
,ᏩᏍᎫᏓᏔᎦ,wasgu:data:ga,,,,
,ᎤᏍᎫᏓᏙᏍᏗ,u:sgu:datosdi,,,,
,,,,,,
ENTRY,ᎠᏍᎬᏓᎨᏂ,asgv:dage:ni,n,His shin bone.,,
,ᏥᏍᎬᏓᎨᏂ,jisgv:dage:ni,,,,
,,,,,,
ENTRY,ᎠᏍᏆᎨᏂ,asgwage:ni,n,"His side.;
The side of his body.",,
,ᏥᏍᏆᎨᏂ,jisgwage:ni,,,,
note,"… ᎠᎴ ᎡᏍᎦ ᎡᏅᎦ ᏦᏰᏂ <u>ᏥᏍᏆᎨᏂ</u> ᏩᏐᎾᏓ …
… and bring thy hand, and put [it] to <u>my side</u> …
[ᏣᏂ 20:27]",,,,,
,,,,,,
ENTRY,ᎠᏍᏆᎵᏍᎦ,a:hsgwáʔli:hsga,vt,He is cutting it (something long) off.,x HF doesn't accurately show King's root phonetics for this verb,Root is -hsgwạ³ʔli- (-h stem with rising tone on 1st syllable of root)
,ᏥᏍᏆᎵᏍᎦ,jiʔsgwáʔli:hsga,,,,Added /h/ in phonetics where appropriate and glottal stop
,ᎤᏍᏆᎵᏒᎢ,u:hsgwáʔli:hsv̌ʔi,,,,
,ᎠᏍᏆᎵᏍᎪᎢ,a:hsgwáʔli:hsgóʔi,,,,
,ᎯᏍᏆᎳᎦ,hihsgwáʔlaʔga,,,,
,ᎤᏍᏆᎵᏍᏗ,u:hsgwáʔli:hsdi,,,,
note,"ᎢᏳᏃ ᏦᏰᏂ ᎯᎦᏘᏏ ᏕᏦᏕᏍᏗᏍᎨᏍᏗ, <u>ᎯᏍᏆᎵᏍᎨᏍᏗ</u>, ᎠᎴ ᏣᏕᎨᏍᏗ …
‘And, if thy right hand doth cause thee to stumble, <u>cut it off</u>, and cast from thee …
[ᎹᏚ 5:30]",,,,,
,,,,,,
ENTRY,ᎠᏍᏆᎵᏍᎦ,a:hsgwaʔlí:hsga,vt,He is breaking it (something long).,x HF doesn't accurately show King's root phonetics for this verb,Root is -hsgwạʔli³- (-h stem with rising tone on 2nd syllable of root)
,ᏥᏍᏆᎵᏍᎦ,jiʔsgwaʔlí:hsga,,,,Added /h/ in phonetics where appropriate and glottal stop
,ᎤᏍᏆᎵᏒᎢ,u:hsgwaʔlí:hsv̌ʔi,,,,
,ᎠᏍᏆᎵᏍᎪᎢ,a:hsgwaʔlí:hsgóʔi,,,,
,ᎯᏍᏆᎳᎦ,hihsgwaʔláʔga,,,,
,ᎤᏍᏆᎵᏍᏗ,u:hsgwaʔlí:hsdi,,,,
,,,,,,
ENTRY,ᎠᏍᏆᎶᎠ,a:sgwaloʔa,vi,He is bumping his head.,x,
,ᏥᏍᏆᎶᎠ,jisgwaloʔa,,,Definition fix. VT=>VI fix,
,ᎤᏍᏆᎶᎥᎢ,u:sgwaloʔv̌ʔi,,,,
,ᎠᏍᏆᎶᏍᎪᎢ,a:sgwalosgóʔi,,,,
,ᎯᏍᏆᎶᏣ,hisgwaloja,,,,
,ᎤᏍᏆᎶᏍᏗ,u:sgwalosdi,,,,
,,,,,,
ENTRY,ᎠᏍᏆᎸᎢᎭ,a:hsgwalv́ʔiha,vt,He is hitting someone in the head with it (something long).,,
,ᏥᏍᏆᎸᎢᎭ,jiʔsgwalv́ʔiha,,,,
,ᎤᏍᏆᎸᎸᎢ,u:hsgwalv́ʔlv̌ʔi,,,,
,ᎠᏍᏆᎸᎢᎰᎢ,a:hsgwalv́ʔihóʔi,,,,
,ᎯᏍᏆᎸᎦ,hihsgwalv́ʔga,,,,
,ᎤᏍᏆᎸᎢᏍᏗ,u:hsgwalv́ʔisdi,,,,
,,,,,,
ENTRY,ᎠᏍᏆᏁᎦᎸᎢ,asgwane:galvʔi,n,His abdomen.,,
,ᏥᏍᏆᏁᎦᎸᎢ,jisgwane:galvʔi,,,,
,,,,,,
ENTRY,ᎠᏍᏆᏂᎪᏍᎦ,a:hsgwánigo:sga,vt,He is admiring it.,x,
,ᏥᏍᏆᏂᎪᏍᎦ,jiʔsgwánigo:sga,,,,
,ᎤᏍᏆᏂᎪᏒᎢ,u:hsgwánigo:sv̌ʔi,,,,
,ᎠᏍᏆᏂᎪᏍᎪᎢ,a:hsgwánigo:sgóʔi,,,,
,ᎯᏍᏆᏂᎪᎵ,hihsgwánigoʔli,,,,
,ᎤᏍᏆᏂᎪᎯᏍᏗ,u:hsgwánigo:hisdi,,,,
note,"ᎾᏍᎩᏃ ᎯᎠ ᏂᏚᏪᏎᎸ ᎪᎱᏍᏗ ᏧᏩᎿ <u>ᎤᏂᏍᏆᏂᎪᏒᎩ</u> …
At this his Relations were sore <u>amazed</u> …
[ᏧᏁᎶᏗ ᏚᏂᎩᏒᏒᎢ]",,,,,
,,,,,,
ENTRY,ᎠᏍᏆᏂᎪᏒᎥᏍᎦ,asgwa:nigosvʔv:sga,vi,He is amusing himself.,,
,ᏥᏍᏆᏂᎪᏒᎥᏍᎦ,jisgwa:nigosvʔvʔsga,,,,
,ᎤᏍᏆᏂᎪᏒᏅᎢ,u:sgwa:nigosvʔnv̌ʔi,,,,
,ᎠᏍᏆᏂᎪᏒᎥᏍᎪᎢ,asgwa:nigosvʔv:sgóʔi,,,,
,ᎯᏍᏆᏂᎪᏒᎥᎦ,hisgwa:nigosvʔv:ga,,,,
,ᎤᏍᏆᏂᎪᏍᏗ,u:sgwa:nigoshdi,,,,
,,,,,,
ENTRY,ᎠᏍᏆᏄᏥᎦ,*a:sgwanú:jga,vt,He is kissing (sucking).,x,
,ᏥᏍᏆᏄᏥᎦ,*jisgwanú:tsga,,,francis definition VT not VI,
,ᎤᏍᏆᏄᏨᎢ,u:sgwanú:jv̌ʔi,,,,
,ᎠᏍᏆᏄᏥᎪᎢ,*a:sgwanú:jgóʔi,,,,
,ᎯᏍᏆᏄᏣ,hisgwanú:ja,,,,
,ᎤᏍᏆᏄᏥᏗ,*u:sgwanú:jdi,,,,
,,,,,,
ENTRY,ᎠᏍᏇᎵᏰᎠ,a:sgwe:lí:yeʔa,vi,He is spelling.,x,
,ᏥᏍᏇᎵᏰᎠ,jisgwe:lí:yeʔa,,,,
,ᎤᏍᏇᎵᏰᎥᎢ,u:sgwe:lí:yeʔv̌ʔi,,,,
,ᎠᏍᏇᎵᏰᏍᎪᎢ,a:sgwe:lí:yesgóʔi,,,,
,ᎯᏍᏇᎵᏯ,hisgwe:lí:ya,,,,
,ᎤᏍᏇᎵᏰᏗ,u:sgwe:lí:ye:di,,,,
,,,,,,
ENTRY,ᎠᏍᏇᏚᏍᏗ,asgwe:tusdi,n,The cap over a stove pipe.,,
,,,,,,
ENTRY,ᎠᏍᏉᏍᎦ,a:sgwǒ:hsga,vt,He is craving it.,x,
,ᏥᏍᏉᏍᎦ,jisgwǒʔsga,,,added glottal stop to ᏥᏍᏉᏍᎦ,
,ᎤᏍᏉᏒᎢ,u:sgwǒ:hsv̌ʔi,,,to correctly match ᎯᏍᎪᎵ,
,ᎠᏍᏉᏍᎪᎢ,a:sgwǒ:hsgóʔi,,,,
,ᎯᏍᏉᎵ,hisgwóʔli,,,,
,ᎤᏍᏉᎯᏍᏗ,u:sgwóhisdi,,,,
,,,,,,
ENTRY,ᎠᏍᏋᏁᏓ,asgwvne:da,n,"False hellebore.;
Indian poke.;
Indian hellebore.;
biol. <em>Veratrum viride.</em>",,
,,,,,,
ENTRY,ᎠᏍᏓᏩᏗ,a:hsdáʔwadi,vt,He is following.,,hsta./wat  follow > hsta?wat   CK 
,ᏥᏍᏓᏩᏗ,jiʔsdáʔwadi,,,,
,ᎤᏍᏓᏩᏕᏒᎢ,u:hsdáʔwadésv̌ʔi,,,,
,ᎠᏍᏓᏩᏗᏐᎢ,a:hsdáʔwadi:sóʔi,,,,
,ᎯᏍᏓᏩᏚᎦ,hihsdáʔwadu:ga,,,,
,ᎤᏍᏓᏩᏛᏍᏗ,u:hsdáʔwadvsdi,,,,
note,"ᎾᏉᏃ ᏮᎤᏨᏒᎩ, ᎠᏴᏃ ᎡᏍᎦ ᏛᎩᎶᏒᎩ; ᏄᏬᎯᏳᎯᏒᎾ <u>ᎤᏍᏓᏩᏛᏒᎩ</u>, ᎠᏴᏃ ᎠᏂ ᎦᎶᎯᏍᏗ ᏙᏛᏊᎪᏔᏅᎩ.
so he went his way, and I came mine: <u>he after</u> Obstinate, and I to this Gate.
[ᏧᏁᎶᏗ ᏚᏂᎩᏒᏒᎢ]",,,,,
,,,,,,
ENTRY,ᎠᏍᏓᏱ,asda:yi,adj,"Hard.;
Solid (object).",,
note,"ᎦᎾᏰᎯᏍᏗᏍᎩᏂ ᎨᏒ <u>ᎠᏍᏓᏱᏳ</u> ᎠᎩᎨᎯᏒᎩ …
Fear followed me so <u>hard</u> …
[ᏧᏁᎶᏗ ᏚᏂᎩᏒᏒᎢ]",,,,,
,,,,,,
ENTRY,ᎠᏍᏓᏱᏗᎠ,a:sdáʔyi:diʔa,vi,"He is fastening.;
He is making fast.",,
,ᏥᏍᏓᏱᏗᎠ,jisdáʔyi:diʔa,,,,
,ᎤᏍᏓᏱᏛᎢ,u:sdáʔyi:dv̌ʔi,,,,
,ᎠᏍᏓᏱᏗᏍᎪᎢ,a:sdáʔyi:disgóʔi,,,,
,ᎯᏍᏓᏱᏓ,hisdáʔyi:da,,,,
,ᎤᏍᏓᏱᏗᏍᏗ,u:sdáʔyi:disdi,,,,
note,"ᎠᏂᏧᏏᏃ ᎾᏍᏉ <u>ᎤᏂᏍᏓᏱᏛᎩ</u>, ᎤᏙᎯᏳᎯ ᎾᏍᎩ ᏄᏍᏗ, ᎤᎾᏛᏅᎩ.
and the Jews also <u>agreed</u>, professing these things to be so.
[ᎨᏥᏅᏏᏛ ᏄᎾᏛᏁᎵᏙᎸᎢ 24:9]",,,,,
,,,,,,
ENTRY,ᎠᏍᏓᏱᏗᎠ,a:sdaʔyí:diʔa,vt,"He is strengthening it.;
He is approving it.;
He is signing it.",,
,ᏥᏍᏓᏱᏗᎠ,jisdaʔyí:diʔa,,,,
,ᎤᏍᏓᏱᏛᎢ,u:sdaʔyí:dv̌ʔi,,,,
,ᎠᏍᏓᏱᏗᏍᎪᎢ,a:sdaʔyí:disgóʔi,,,,
,ᎯᏍᏓᏱᏓ,hisdaʔyí:da,,,,
,ᎤᏍᏓᏱᏗᏍᏗ,u:sdaʔyí:disdi,,,,
note,"… ᎠᎴ ᎩᎶ ᏥᏍᏓᏱᏓ ᎡᎳ <u>ᎠᏍᏓᏱᏗᏍᎪᎢ</u>.
… and to whom He willeth, <u>He doth harden</u>.
[ᎶᎻ 9:18]",,,,,
,,,,,,
ENTRY,ᎠᏍᏓᏲᎯᎭ,a:sdayohiha,vt,He is firing a gun.,,
,ᎦᏍᏓᏲᎯᎭ,gaʔsdayohiha,,,,
,ᎤᏍᏓᏲᎸᎢ,u:sdayo:hlv̌ʔi,,,,
,ᎠᏍᏓᏲᎯᎰᎢ,a:sdayohihóʔi,,,,
,ᎯᏍᏓᏲᎭᎦ,hisdayoha:ga,,,,
,ᎤᏍᏓᏲᏍᏗ,u:sdayosdi,,,,
,,,,,,
ENTRY,ᎠᏍᏕᎵᎭ,a:sdé:liha,vt,He is helping.,,
,ᏥᏍᏕᎵᎭ,jisdé:liha,,,,
,ᎤᏍᏕᎸᎲᎢ,u:sdé:lvhv̌ʔi,,,,
,ᎠᏍᏕᎵᏍᎪᎢ,a:sdé:lisgóʔi,,,,
,ᎯᏍᏕᎳ,hisdé:la,,,,
,ᎤᏍᏕᎵᏗ,u:sdé:hldi,,,,
note,"ᎠᏍᎦᏯ ᎤᎷᏤᎸᎩ, <u>ᎠᏓᏍᏕᎵᏍᎩ</u> ᏧᏙᎢᏛ …
that a man came to him, whose name was <u>Help</u> …
[ᏧᏁᎶᏗ ᏚᏂᎩᏒᏒᎢ]",,,,,
,,,,,,
ENTRY,ᎠᏍᏕᏲᏎᎭ,asdeyo:hse:ha,vt,He is braiding hair.,,
,ᏥᏍᏕᏲᏎᎭ,jisdeyoʔse:ha,,,,
,ᎤᏍᏕᏲᏎᎸᎢ,u:sdeyo:hselv̌ʔi,,,,
,ᎠᏍᏕᏲᏎᎰᎢ,asdeyo:hse:hóʔi,,,,
,ᎯᏍᏕᏲᏏ,hisdeyo:hsi,,,,
,ᎤᏍᏕᏲᏎᏗ,u:sdeyo:hse:hdi,,,,
,,,,,,
ENTRY,ᎠᏍᏗᎩᎠ,a:hsdí:giʔa,vt,He is eating it (something long).,,"Added intial ""h"" back in to root.  -hsdi:g-"
,ᏥᏍᏗᎩᎠ,jiʔsdí:giʔa,,,,
,ᎤᏍᏗᎬᎢ,u:hsdí:gʔv̌ʔi,,,,
,ᎠᏍᏗᎩᏍᎪᎢ,a:hsdí:gisgóʔi,,,,
,ᎯᏍᏗᎦ,hihsdí:ga,,,,
,ᎤᏍᏗᎩᏍᏗ,u:hsdí:gʔi:sdi,,,,
note,"ᏚᏯ ᏃᎴ ᏎᎷ <u>ᏓᏍᏗᎩᎠ</u>.
<u>He is eating</u> corn and beans.
[King pg 112]",,,,,
,,,,,,
ENTRY,ᎠᏍᏗᏰᏗᎭ,a:sdi:ye:diha,vt,"He is begging him.;
He is persuading him.",,
,ᏥᏍᏗᏰᏗᎭ,jiʔsdi:ye:diha,,,,
,ᎤᏍᏗᏰᏔᏅᎢ,u:sdi:ye:tanv̌ʔi,,,,
,ᎠᏍᏗᏰᏗᏍᎪᎢ,a:sdi:ye:disgóʔi,,,,
,ᎯᏍᏗᏰᏓ,hiʔsdi:ye:da,,,,
,ᎤᏍᏗᏰᏙᏗ,u:sdi:ye:do:hdi,,,,
note,"… ᎾᏍᎩ <u>ᎠᎩᏍᏗᏰᏔᏅᎩ</u>.
… who <u>persuaded me</u>.
[ᏧᏁᎶᏗ ᏚᏂᎩᏒᏒᎢ]",*<ū>ꮪꮝꮧᏸꮤꮕꭲ</ū> ꮎ ꮣꭶꮟ ꭴꮎꮰꭿꮝꮧ. <ū>he be:gge:d the:m</ū> to ge:t o:ff o:f tha:t tu:rtlē. (spa:dē/wa:lke:r 1966),,,,
,,,,,,
ENTRY,ᎠᏍᏙᎠ,a:sdoʔa,vt,"He is pounding it.;
He is grinding it.;
He is churning it.",x,
,ᏥᏍᏙᎠ,jisdoʔa,,,,
,ᎤᏍᏙᎥᎢ,u:sdoʔv̌ʔi,,,,
,ᎠᏍᏙᏍᎪᎢ,a:sdo:sgóʔi,,,,
,ᎯᏍᏙᏣ,hisdo:ja,,,,
,ᎤᏍᏙᏍᏗ,u:sdo:sdi,,,,
note,"ᎠᏂᏔᎵ ᎠᏂᎨᏴ <u>ᎠᏂᏍᏙᏍᎨᏍᏗ ᎠᏍᏙᏍᎩᏱ</u>, ᎠᏏᏴᏫ ᎠᏥᏯᏅᏗ ᎨᏎᏍᏗ ᏐᎢᏃ ᎠᏥᎧᎯᏯᏍᏗ ᎨᏎᏍᏗ.
two women <u>shall be grinding in the mill</u>, one is received, and one is left.
[ᎹᏚ 24:41]",,,,,
,,,,,,
ENTRY,ᎠᏍᏙᏗ,asdo:hdi,n,Door.,,
,,,,,,
ENTRY,ᎠᏍᏙᏰᎭ,a:sdó:ye:ha,vt,"He is shaving someone.;
He is cutting someone's hair.",x,
,ᏥᏍᏙᏰᎭ,jiʔsdó:ye:ha,,,Francis has ᎯᏍᏙᏯ for IMM,
,ᎤᏍᏙᏰᎲᎢ,u:sdó:ye:hv̌ʔi,,,,
,ᎠᏍᏙᏰᏍᎪᎢ,a:sdó:ye:sgóʔi,,,,
,ᎯᏍᏙᏰᎠ,hiʔsdó:yea,,,,
,ᎤᏍᏙᏰᏗ,u:sdó:ye:hdi,,,,
,,,,,,
ENTRY,ᎠᏍᏚᎩᎠ,a:sdúgiʔa,vt,He is opening a door.,x,
,ᏥᏍᏚᎩᎠ,jisdúgiʔa,,,Francis forms are not the same even same root is shown???,
,ᎤᏍᏚᎩᏒᎢ,u:sdúgisv̌ʔi,,,,
,ᎠᏍᏚᎩᏍᎪᎢ,a:sdúgi:sgóʔi,,,,
,ᎯᏍᏚᎩ,hisdúgi,,,,
,ᎤᏍᏚᎩᏗ,u:sdúgi:di,,,,
,,,,,,
ENTRY,ᎠᏍᏚᎲᏍᎦ,a:hsdu:hv̌:hsga,vt,"He is shutting it.;
He is closing it.",x,"Added the ""h"" back to the stem as in King's list: -hstuhv/-  Cook has good examples of how these are affected. "
,ᏥᏍᏚᎲᏍᎦ,jiʔsdu:hv̌:hsga,,,,
,ᎤᏍᏚᏅᎢ,u:hsdu:hnv̌ʔi,,,,
,ᎠᏍᏚᎲᏍᎪᎢ,a:hsdu:hv̌:hsgóʔi,,,,
,ᎯᏍᏚᎲᎦ,hihsdu:hv́ʔga,,,,
,ᎤᏍᏚᏗ,u:hsdu:hdi,,,,
note,"… ᏞᏍᏗ <u>ᏣᏍᏚᏅᎩ</u> ᎧᏃᎮᏛ ᎠᏙᎴᎰᏒᎯ ᎠᏂ ᎯᎠ ᎪᏪᎵᎯ …
… ‘Thou mayest not <u>seal</u> the words of the prophecy of this scroll …
[ᎠᏥᎾᏄᎪᏫᏎᎸᎢ 22:10]",,,,,
,,,,,,
ENTRY,ᎠᏍᏚᏥᏍᏙᎭ,a:sdu:jisdo:ha,vt,He is sprinkling.,,"I've added an /s/ to the stem based on other sources (CWL and Lawrence Panther) that indicate that the root is -sdutsis- in NC. The -do- suffix after the stem emphasizes ""sprinkling around"". The Western cognate is asdudlisdoha. ᏔᎻᎵ "
,ᏥᏍᏚᏥᏍᏙᎭ,jisdu:jisdo:ha,,,,
,ᎤᏍᏚᏥᏍᏙᎸᎢ,u:sdu:jisdoʔlv̌ʔi,,,,
,ᎠᏍᏚᏥᏍᏙᎰᎢ,a:sdu:jisdo:hóʔi,,,,
,ᎯᏍᏚᏥᏍᏓ,hisdu:jisda,,,,
,ᎤᏍᏚᏥᏍᏙᏗ,*u:sdu:jistdi,,,,
,,,,,,
ENTRY,ᎠᏍᏛᎢ,asdvʔi,n,"At the edge of.;
End.",,
note,"… ᏧᏗᏱ <u>ᎠᏍᏛ</u> ᏭᎷᏨᎩ ᏦᏓᏂ ᎠᏍᎪᏂᏗᏢ.
… did come to <u>the borders</u> of Judea, beyond the Jordan,
[ᎹᏚ 19:1]",,,,,
,,,,,,
ENTRY,ᎠᏍᏛᎧ,a:sdv́:ka,vi,It is deep.,,
,-,,,,,
,ᎤᏍᏛᏒᎢ,u:sdv́:hsv̌ʔi,,,,
,ᎠᏍᏛᎪᎢ,a:sdv́:kóʔi,,,,
,ᏩᏍᏛᎲᎯ,wa:sdv́:hvhi,,,,
,ᎤᏍᏛᎲᏍᏗ,u:sdv́:hvsdi,,,,
note,"… ᎤᎵᏏᎩᏃ ᎤᏭᏝᎡ <u>ᎠᏍᏛᎩ</u> …
… and darkness [is] on the face of <u>the deep</u> …
[ᎼᏏ ᎢᎬᏱᏱ 1:2]",,,,,
,,,,,,
ENTRY,ᎠᏍᏛᎪᏍᎦ,a:sdv:gǒ:hsga,vt,He is scraping (grit corn).,x,
,ᏥᏍᏛᎪᏍᎦ,jisdv:gǒʔsga,,,fixed 1st form glottal stop,
,ᎤᏍᏛᎪᏒᎢ,u:sdv:gǒ:hsv̌ʔi,,,,
,ᎠᏍᏛᎪᏍᎪᎢ,a:sdv:gǒ:hsgóʔi,,,,
,ᎯᏍᏛᎪᎵ,hisdv:góʔli,,,,
,ᎤᏍᏛᎪᎣᏍᏗ,u:sdv:góosdi,,,,
,,,,,,
ENTRY,ᎠᏍᏛᎯᏍᏗᎭ,a:sdv́:hi:sdiha,vt,He is making it deep.,,
,ᏥᏍᏛᎯᏍᏗᎭ,jisdv́:hi:sdiha,,,,
,ᎤᏍᏛᎯᏍᏔᏅᎢ,u:sdv́:hi:stanv̌ʔi,,,,
,ᎠᏍᏛᎯᏍᏗᏍᎪᎢ,a:sdv́:hi:sdisgóʔi,,,,
,ᎯᏍᏛᎯᏍᏓ,hisdv́:hi:sda,,,,
,ᎤᏍᏛᎯᏍᏙᏗ,u:sdv́:hi:sdo:hdi,,,,
,,,,,,
ENTRY,ᎠᏍᏛᏁᎦᎵᎭ,asdvne:gali:ha,vt,He is scalping him.,,
,ᏥᏍᏛᏁᎦᎵᎠ,ji:sdvne:galiʔa,,,,
,ᎤᏍᏛᏁᎦᎸᎲᎢ,u:sdvne:galv:hv̌ʔi,,,,
,ᎠᏍᏛᏁᎦᎵᏍᎪᎢ,asdvne:gali:sgóʔi,,,,
,ᎯᏍᏛᏁᎦᎳ,hi:sdvne:gala,,,,
,ᎤᏍᏛᏁᎦᎵᏗ,u:sdvne:ga:hldi,,,,
,,,,,,
ENTRY,ᎠᏍᏛᏍᎦ,a:stv:sga,vi,"He is finishing.;
It is coming to an end.",x,
,ᏥᏍᏛᏍᎦ,jistv:sga,,,,
,ᎤᏍᏛᏅᎢ,u:stvnv̌ʔi,,,,
,ᎠᏍᏛᏍᎪᎢ,a:stv:sgóʔi,,,,
,ᎯᏍᏛᎦ,histv:ga,,,,
,ᎤᏍᏛᏍᏗ,u:stv:sdi,,,,
,,,,,,
ENTRY,ᎠᏎᎮᎭ,aséhe:ha,vt,"He is showing him.;
He is pointing for him.",,
,ᏥᏯᏎᎮᎭ,ji:yaséhe:ha,,,,
,ᎤᏎᎮᎸᎢ,u:séhelv̌ʔi,,,,
,ᎠᏎᎮᎰᎢ,aséhe:hóʔi,,,,
,ᎯᏯᏎᎮᎢᏏ,hiyaséheisi,,,,
,ᎤᏎᎮᏍᏗ,u:séhesdi,,,,
note,"ᎠᎵᏣᏙᏂᏙᎯ ᏧᏙᎢᏛ <u>ᎠᏆᏎᎮᎸ</u> …
<u>I am directed by</u> a man, whose name is Evangelist …
[ᏧᏁᎶᏗ ᏚᏂᎩᏒᏒᎢ]",,,,,
,,,,,,
ENTRY,ᎠᏎᎯᎭ,aséhiha,vt,"He is counting.;
He is pointing at him.",,
,"ᏥᏯᏎᎯᎭ, ᎦᏎᎯᎭ","ji:yaséhihā, gaséhiha",,,,
,ᎤᏩᏎᎸᎢ,u:waséhlv̌ʔi,,,,
,ᎠᏎᎯᎰᎢ,aséhihóʔi,,,,
,"ᎯᏯᏎᎧ, ᎭᏎᎧ","hi:yasékā, haséka",,,,
,ᎤᏩᏎᏍᏗ,u:wasésdi,,,,
note,"… ᏫᎬᏩᏑᎵᎪᏤ <u>ᎠᏎᎯᎲᎢ</u>; ᎥᏝᏰᏃ ᎬᏎᎰᎲᏍᏗ ᏱᎨᏎᎢ.
… until that he hath ceased <u>to number</u>, for there is no number.
[ᎼᏏ ᎢᎬᏱᏱ 41:49]",,,,,
,,,,,,
ENTRY,ᎠᏎᎵᏓᏅ,aselida:nv,n,Affadavit.,,
,,,,,,
ENTRY,ᎠᏎᏃ,ase:hno,pt,"Probably.;
But yet.",,
note,"<u>ᎠᏎᏃ</u> ᎪᎯᏉ ᎨᏒ ᏂᎦᏛ ᎤᏚᎵᎭ.
<u>but</u> he will have all now.
[ᏧᏁᎶᏗ ᏚᏂᎩᏒᏒᎢ]",,,,,
,,,,,,
ENTRY,ᎠᏏᎭ,a:hsiha,vt,He is removing it (something long) from a shelf.,,
,ᏥᏏᎭ,jiʔsiha,,,,
,ᎤᏒᎲᎢ,u:hsvhv̌ʔi,,,,
,ᎠᏏᏍᎪᎢ,a:hsisgóʔi,,,,
,ᎯᏌ,hihsa,,,,
,ᎤᏒᏗ,u:hsvʔdi,,,,
,,,,,,
ENTRY,ᎠᏏᎳᏛᎥᏍᎦ,asiladvʔv:sga,vi,"He is putting up a wire.;
He is wiring.",x,
,ᏥᏏᎳᏛᎥᏍᎦ,jisiladvʔvsga,,,,
,ᎤᏏᎳᏛᏅᎢ,u:siladv:hnv̌ʔi,,,,
,ᎠᏏᎳᏛᎥᏍᎪᎢ,asiladvʔv:sgóʔi,,,,
,ᎯᏏᎳᏛᎥᎦ,hisiladvʔv:ga,,,,
,ᎤᏏᎳᏛᏗ,u:siladv:hdi,,,,
,,,,,,
ENTRY,ᎠᏏᎾᎭ,a:sí:naha,vi,He is skilled.,,
,ᏥᏏᎾᎭ,jisí:naha,,,,
,ᎤᏏᎾᎲᏒᎢ,u:sí:nahvsv̌ʔi,,,,
,ᎠᏏᎾᏍᎪᎢ,a:sí:nasgóʔi,,,,
,ᎯᏏᎾᎲᎯ,hisí:nahvhi,,,,
,ᎤᏏᎾᏒᏍᏗ,u:sí:nasvsdi,,,,
,,,,,,
ENTRY,ᎠᏏᎾᏌᏅᎦ,a:sí:nasanv:ga,vi,He is becoming skilled.,,
,ᏥᏏᎾᏌᏅᎦ,jisí:nasanv:ga,,,,
,ᎤᏏᎾᏌᏅᏨᎢ,u:sí:nasanv:jv̌ʔi,,,,
,ᎠᏏᎾᏌᏅᎪᎢ,a:sí:nasanv:góʔi,,,,
,ᎯᏏᎾᏌᏅᎯ,hisí:nasanvhi,,,,
,ᎤᏏᎾᏌᏅᏗ,u:sí:nasanv:hdi,,,,
note,"ᎠᏎᏃ ᎤᏙᎴᎰᏎ <u>ᎠᏂᏏᎾᏌᏅᎬᎢ</u>, ᎠᎴ ᎯᎠ ᏂᏚᏪᏎᎴᎢ, ᎦᏙᏃ ᎢᏍᎩᏌᏛᎥᏍᎦ?
And he, having perceived <u>their craftiness</u>, said unto them, ‘Why me do ye tempt?
[ᎷᎦ 20:23]",,,,,
,,,,,,
ENTRY,ᎠᏏᏂ,así:hni,vi,He is going there and lying down.,,
,ᎦᏏᏂ,gasí:hni,,,,
,ᎤᏏᏁᏒᎢ,u:sí:hnesv̌ʔi,,,,
,ᎠᏏᏂᏐᎢ,así:hnisóʔi,,,,
,ᎭᏏᏄᎦ,hasí:hnu:ga,,,,
,ᎤᏏᏅᏍᏗ,u:sí:hnvsdi,,,,
,,,,,,
ENTRY,ᎠᏏᏅᏍᏗᎭ,a:sínhvsdiha,vi,He is coaching.,,
,ᏥᏏᏅᏍᏗᎭ,*jisínhvsdiha,,,,
,ᎤᏏᏅᏍᏓᏅᎢ,u:sínhvsdanv̌ʔi,,,,
,ᎠᏏᏅᏍᏗᏍᎪᎢ,a:sínhvsdisgóʔi,,,,
,ᎯᏏᏅᏍᏓ,hisínhvsda,,,,
,ᎤᏏᏅᏍᏙᏗ,u:sínhvsdódi,,,,
,,,,,,
ENTRY,ᎠᏏᏴᎠ,a:hsí:yvʔa,vt,"He is pushing it (something long) aside.;
He is clearing it (something long) away.",x,"Restored ""h"" to root "
,ᏥᏏᏴᎠ,jiʔsí:yvʔa,,,,
,ᎤᏏᏴᎥᎢ,u:hsí:yvʔv̌ʔi,,,,
,ᎠᏏᏴᏍᎪᎢ,a:hsí:yvsgóʔi,,,,
,ᎯᏏᏴᎾ,hihsí:yvna,,,,
,ᎤᏏᏴᏍᏗ,u:hsí:yvsdi,,,,
,,,,,,
ENTRY,ᎠᏐᎣᏅᏗᎭ,a:hsoʔo:hndiha,vt,He is dropping it (something long).,,
,ᏥᏐᎣᏅᏗᎭ,*jiʔsoʔo:hndiha,,,,
,ᎤᏐᎣᏅᏔᏅᎢ,u:hsoʔo:hntanv̌ʔi,,,,
,ᎠᏐᎣᏅᏗᏍᎪᎢ,a:hsoʔo:hndisgóʔi,,,,
,ᎯᏐᎣᏅᏓ,hihsoʔo:hnda,,,,
,ᎤᏐᎣᏅᏙᏗ,u:hsoʔo:hndo:hdi,,,,
,,,,,,
ENTRY,ᎠᏐᎣᏍᎦ,a:hsoʔo:sga,vi,It (something long) is falling.,x,"Restored root to  -hsoʔo- (reinserted ""h"") "
,-,,,,,
,ᎤᏐᎣᏒᎢ,u:hsoʔo:sv̌ʔi,,,,
,ᎠᏐᎣᏍᎪᎢ,a:hsoʔo:sgóʔi,,,,
,ᏩᏐᎣᎯ,wa:hsoʔo:hi,,,,
,ᎤᏐᎣᎯᏍᏗ,u:hsoʔo:hisdi,,,,
,,,,,,
ENTRY,ᎠᏐᎸᏔᏍᎦ,aso:lv:tǎ:hsga,vt,He is raising an arm.,x,
,ᎦᏐᎸᏔᏍᎦ,gaso:lv:tǎ:hsga,,,Franics IMM ends with a,
,ᎤᏐᎸᏔᏅᎢ,u:so:lv:tánv̌ʔi,,,,
,ᎠᏐᎸᏔᏍᎪᎢ,aso:lv:tǎ:hsgóʔi,,,,
,ᎭᏐᎸᏔᎩ,haso:lv:tá:gi,,,,
,ᎤᏐᎸᏘᏗ,u:so:lv:tdi,,,,
,,,,,,
ENTRY,ᎠᏐᏍᏗ,aso:sdi,n,A diaper.,,
,,,,,,
ENTRY,ᎠᏑᎨᎭ,asú:ge:ha,vt,"He is mixing it.;
He is stirring it.",x,
,ᎦᏑᎨᎭ,gasú:ge:ha,,,,
,ᎤᏑᎨᎲᎢ,u:sú:ge:hv̌ʔi,,,,
,ᎠᏑᎨᏍᎪᎢ,asú:ge:sgóʔi,,,,
,ᎭᏑᎬᎵ,hasú:gv:li,,,,
,ᎤᏑᎨᏗ,u:sú:ge:hdi,,,,
note,"… ᏄᎳ ᎭᏛᏅᎢᏍᏓ ᏦᎢ ᎢᏯᏟᎶᎥᎯ ᏩᎾᎨ ᎢᏒ; <u>ᎭᏑᎬᎵ</u>, ᎠᎴ ᏘᏃᏢᏛᎦ.
… 'Hasten three measures of flour-meal, <u>knead</u>, and make cakes;'
[ᎼᏏ ᎢᎬᏱᏱ 18:6]",,,,,
,,,,,,
ENTRY,ᎠᏑᎨᎸᎯ,asu:ge:lvhi,n,Batter.,,
,,,,,,
ENTRY,ᎠᏑᎪᏍᏗ,asu:gosdi,n,Gritter.,,
,,,,,,
ENTRY,ᎠᏑᎳᎩᎠ,asu:lagiʔa,vt,He is taking off his pants.,x,
,ᎦᏑᎳᎩᎠ,gasu:lagiʔa,,,,
,ᎤᏑᎳᎩᏒᎢ,u:su:lagisv̌ʔi,,,,
,ᎠᏑᎳᎩᏍᎪᎢ,asu:lagisgóʔi,,,,
,ᎭᏑᎳᎩ,hasu:lagi,,,,
,ᎤᏑᎳᎩᏍᏗ,u:su:lagisdi,,,,
,,,,,,
ENTRY,ᎠᏑᎴᎭ,a:hsu:leha,vt,He is wiping himself.,x,
,ᎦᏑᎴᎭ,ga:hsu:leha,,,Francis IMM is ᎭᏑᎳ,
,ᎤᏑᎴᎲᎢ,u:hsu:lehv̌ʔi,,,,
,ᎠᏑᎴᏍᎪᎢ,a:hsu:lesgóʔi,,,,
,ᎭᏑᎴᎠ,ha:hsu:lea,,,,
,ᎤᏑᎴᏗ,u:hsu:lhdi,,,,
,,,,,,
ENTRY,ᎠᏑᎴᏙᏗ,asu:hldo:hdi,n,Toilet paper.,,
,,,,,,
ENTRY,ᎠᏑᎵᎠ,asu:liʔa,vt,He is putting on pants.,,
,ᎦᏑᎵᎠ,gasu:liʔa,,,,
,ᎤᏑᎳᏅᎢ,u:su:laʔnv̌ʔi,,,,
,ᎠᏑᎵᏍᎪᎢ,asu:lisgóʔi,,,,
,ᎭᏑᎳᎾ,hasu:laʔna,,,,
,ᎤᏑᎶᏗ,u:su:lo:di,,,,
,,,,,,
ENTRY,ᎠᏑᎶ,a:su:lo,n,A pair of pants.,,
,,,,,,
ENTRY,ᎠᏑᏰᎭ,asúʔye:ha,vt,He is mixing it together.,x,
,ᎦᏑᏰᎭ,gasúʔye:ha,,,,
,ᎤᏑᏰᎲᎢ,u:súʔye:hv̌ʔi,,,,
,ᎠᏑᏰᏍᎪᎢ,asúʔye:sgóʔi,,,,
,ᎭᏑᏴᎵ,hasúʔyv:li,,,,
,ᎤᏑᏰᏗ,u:súʔye:hdi,,,,
,,,,,,
ENTRY,ᎠᏑᏲᎰᏍᎦ,asú:yoho:hsga,vi,He is sliding.,,
,ᎦᏑᏲᎰᏍᎦ,gasú:yoho:hsga,,,,
,ᎤᏑᏲᎰᏒᎢ,u:sú:yohosv̌ʔi,,,,
,ᎠᏑᏲᎰᏍᎪᎢ,asú:yoho:hsgóʔi,,,,
,ᎭᏑᏲᎰᎯ,hasú:yohohi,,,,
,ᎤᏑᏲᎰᏍᏗ,u:sú:yohosdi,,,,
,,,,,,
ENTRY,ᎠᏒᎥᏍᎦ,a:sv́:v:sga,vt,He is putting it (something flexible) up.,x,
,ᏥᏒᎥᏍᎦ,jisv́:v:sga,,,,
,ᎤᏒᏅᎢ,u:sv́:nv̌ʔi,,,,
,ᎠᏒᎥᏍᎪᎢ,a:sv́:v:sgóʔi,,,,
,ᎯᏒᎥᎦ,hisv́:v:ga,,,,
,ᎤᏒᏗ,u:sv́:di,,,,
,,,,,,
ENTRY,ᎠᏒᎾᏔᏍᎦ,a:sv:nata:sga,vt,He is roasting it.,x,
,ᏥᏒᎾᏔᏍᎦ,jisv:nata:sga,,,,
,ᎤᏒᎾᏔᏅᎢ,u:sv:natanv̌ʔi,,,,
,ᎠᏒᎾᏔᏍᎪᎢ,a:sv:nata:sgóʔi,,,,
,ᎯᏒᎾᏔᎦ,hisv:nata:ga,,,,
,ᎤᏒᎾᏘ,u:sv:nati,,,,
,,,,,,
ENTRY,ᎠᏒᏂᎭ,asv́hniha,vt,"He is feeling it.;
He is touching it.",,
,ᎦᏒᏂᎭ,gasv́hniha,,,,
,ᎤᏒᏂᎸᎢ,u:sv́hnilv̌ʔi,,,,
,ᎠᏒᏂᎰᎢ,asv́hnihóʔi,,,,
,ᎭᏒᏂᎦ,hasv́hnga,,,,
,ᎤᏒᏂᏍᏗ,u:sv́hnsdi,,,,
note,"… ᎠᏂᎦᏔᎲ ᎤᏃᏁᎴ ᏅᏧᎵᏍᏙᏔᏅ <u>ᎤᏒᏂᎸᎢ</u> …
… for what cause <u>she touched him</u> declared to him before …
[ᎷᎦ 8:47]",,,,,
,,,,,,
ENTRY,ᎠᏒᏓᏆᎶᏍᏗ,asvdagwalo:sdi,n,Log.,,
,,,,,,
ENTRY,ᎠᏒᏣᏗᎠ,a:sv:hjádiʔa,vt,He is bridging it.,,
,ᏥᏒᏣᏗᎠ,jisv:hjádiʔa,,,,
,ᎤᏒᏣᏛᎢ,u:sv:hjádv̌ʔi,,,,
,ᎠᏒᏣᏗᏍᎪᎢ,a:sv:hjádisgóʔi,,,,
,ᎯᏒᏣᏓ,hisv:hjáda,,,,
,ᎤᏒᏣᏗᏍᏗ,u:sv:hjádisdi,,,,
,,,,,,
ENTRY,ᎠᏒᏨ,asv:jv,n,Bridge.,,
,,,,,,
ENTRY,ᎠᏓ,a:hda,n,"Wood.;
Stick.",,
note,"… ᎠᎴ <u>ᎠᏓ</u> ᎣᏍᏛ ᏚᏝᏕᎢ, ᎠᎴ ᎤᎸᎴ ᎤᏪᏥ ᎡᏏᎩ, ᎠᎴ ᎠᏥᎸ ᎨᎳᏍᏗᏱ ᎤᏢᏁᎢ, <u>ᎠᏓ</u> ᏕᎠᏢ ᎦᏚᎢ.
… and arrangeth <u>the wood</u>, and bindeth Isaac his son, and placeth him upon the altar above <u>the wood</u>;
[ᎼᏏ ᎢᎬᏱᏱ 22:9]",,,,,
,,,,,,
ENTRY,ᎠᏓᎦᏘᏰᎭ,ada:ktiʔye:ha,vt,He is baby sitting.,,
,ᎦᏓᎦᏘᏰᎭ,gada:kdiʔye:ha,,,,
,ᎤᏓᎦᏘᏰᎸᎢ,u:da:ktiʔyeʔlv̌ʔi,,,,
,ᎠᏓᎦᏘᏰᎰᎢ,ada:ktiʔye:hóʔi,,,,
,ᎭᏓᎦᏘᏯ,hada:ktiʔya,,,,
,ᎤᏓᎦᏘᏯᏍᏗ,u:da:ktiʔyasdi,,,,
,,,,,,
ENTRY,ᎠᏓᎨᏗ,ada:ke:hdi,n,"Window pane.;
Mirror.",,
note,"ᎠᎴ ᎠᎩᎪᎲᎩ ᎥᏓᎸ <u>ᎠᏓᎨᏗ</u> ᏗᎬᏩᎸᏌᏛ ᎾᏍᎩᏯᎢ ᎠᏥᎸ ᎤᏓᏑᏱ ᎨᏒᎩ …
and I saw as a sea of <u>glass</u> mingled with fire …
[ᎠᏥᎾᏄᎪᏫᏎᎸᎢ 15:2]",,,,,
,,,,,,
ENTRY,ᎠᏓᎨᏙᏗ,adakedodi,n,Mirror.,,
,,,,,,
ENTRY,ᎠᏓᎪᎾᏙᏗ,adago:nado:di,n,Prize.,,
,,,,,,
ENTRY,ᎠᏓ ᎬᏂᎯᏛ,a:da gvnihi:dv,n,"Cottonwood.;
biol. <em>Populus spp.</em>",,
,,,,,,
ENTRY,ᎠᏓᎯ,ada:hi,n,Young animal from a litter.,,
,,,,,,
ENTRY,ᎠᏓᎯ,adáhi,n,Killer.,,
,,,,,,
ENTRY,ᎠᏓᎳᏒᎯ,ada:hlsvhi,n,A bundle.,,
,,,,,,
ENTRY,ᎠᏓᎳᏒᎲᏍᎦ,a:dáhlsvhv:sga,vt,He is wrapping it.,x,
,ᎦᏓᎳᏒᎲᏍᎦ,ga:dálsvhv:sga,,,Francis has ᎭᏓᎳᏒᎲᎦ IMM,
,ᎤᏓᎳᏒᏅᎢ,u:dáhlsvhnv̌ʔi,,,,
,ᎠᏓᎳᏒᎲᏍᎪᎢ,a:dáhlsvhv:sgóʔi,,,,
,ᎭᏓᎳᏒᏂ,ha:dáhlsvhni,,,,
,ᎤᏓᎳᏒᏗ,u:dáhlsvʔhdi,,,,
,,,,,,
ENTRY,ᎠᏓᎶᏍᏗ,adaʔlo:sdi,n,Constitution.,,
,,,,,,
ENTRY,ᎠᏓᎾᎾᎩᎠ,a:da:nanagíʔa,vi,He is shopping.,x,
,ᎦᏓᎾᎾᎩᎠ,ga:da:nanagíʔa,,,,
,ᎤᏓᎾᎾᎩᏒᎢ,u:da:nanagísv̌ʔi,,,,
,ᎠᏓᎾᎾᎩᏍᎪᎢ,a:da:nanagísgóʔi,,,,
,ᎭᏓᎾᎾᎩ,ha:da:nanagi,,,,
,ᎤᏓᎾᎾᎩᏍᏗ,u:da:nanagísdi,,,,
,,,,,,
ENTRY,ᎠᏓᎾᏅᎢ,a:daʔnanvʔi,n,Store.,,
,,,,,,
ENTRY,ᎠᏓᎾᏫᏗᎭ,a:daná:widi:ha,vi,He is jumping forward.,,
,ᎦᏓᎾᏫᏗᎠ,ga:daná:widiʔa,,,,
,ᎤᏓᎾᏫᏛᎲᎢ,u:daná:widv:hv̌ʔi,,,,
,ᎠᏓᎾᏫᏗᏍᎪᎢ,a:daná:widi:sgóʔi,,,,
,ᎭᏓᎾᏫᏓ,ha:daná:wida,,,,
,ᎤᏓᎾᏫᏘᏗ,u:daná:witdi,,,,
note,"ᎠᏍᎦᏯ, ᏄᏍᎦᏎᏅᎾ <u>ᏥᏭᏓᎾᏫᏛᎮᎢ</u>.
The fearless man <u>jumped</u>.
[King pg 117]",,,,,
,,,,,,
ENTRY,ᎠᏓᎿᏩ ᎤᎾᎵᏍᎩᏍᏗ,ada:hnvwa una:hlsgi:sdi,n,A war dance.,,
,,,,,,
ENTRY,ᎠᏓᏁᎭ,a:da:hne:ha,vt,He is giving it (something solid). (older form of verb),,"CED has a¹hnẹ²ha. King's Classif verbs (both versions) have /:ne/ for the root. No idea about the ""ada-"" prefix/infix here. Given everything else, I believe the punch card was wrong. Or it's an old form. No change 5/9/2022"
,ᎦᏓᏁᎭ,ga:daʔne:ha,,,,
,ᎤᏓᏁᎸᎢ,u:da:hnelv̌ʔi,,,,
,ᎠᏓᏁᎰᎢ,a:da:hne:hóʔi,,,,
,ᎯᎥᏏ,hiʔv:si,,,,
,ᎤᏓᏁᏗ,u:da:hne:hdi,,,,
note,"ᎾᎿ ᎠᏥᎸᎨᎳᏍᏗᏱ ᎯᎯᏯᏍᎨᏍᏗ <u>ᏣᏓᏁᏗ</u> ᎠᎴ ᎭᏓᏅᏍᎨᏍᏗ …
leave there <u>thy gift</u> before the altar, and go …
[ᎷᎦ 5:24]",,,,,
,,,,,,
ENTRY,ᎠᏁᎭ,a:hne:ha,vt,He is giving it (something solid). (alternate),,
,ᎦᏁᎭ,gaʔne:ha,,,,
,ᎤᏁᎸᎢ,u:hnelv̌ʔi,,,,
,ᎠᏁᎰᎢ,a:hne:hóʔi,,,,
,ᎯᎥᏏ,hiʔv:si,,,,
,ᎤᏁᏗ,u:hne:hdi,,,,
,,,,,,
ENTRY,ᎠᏓᏁᎸᎢ,a:da:ne:lvʔi,n,A building.,,
note,"ᎢᎬᏱᏱᏉᏃ <u>ᎠᏓᏁᎸ</u> ᏫᎷᏥᎸ ᎾᏍᎩ ᎦᏁᎸ.
and the first <u>house</u> you come at is his.
[ᏧᏁᎶᏗ ᏚᏂᎩᏒᏒᎢ]",,,,,
,,,,,,
ENTRY,ᎠᏓᏁᏌᎩᎠ,a:da:hnesagiʔa,vi,"He is conjuring.;
He is witching.",,
,ᎦᏓᏁᏌᎩᎠ,ga:daʔnesagiʔa,,,,
,ᎤᏓᏁᏌᎬᎢ,u:da:hnesagv̌ʔi,,,,
,ᎠᏓᏁᏌᎩᏍᎪᎢ,a:da:hnesagisgóʔi,,,,
,ᎭᏓᏁᏌᎦ,ha:da:hnesaga,,,,
,ᎤᏓᏁᏌᎩᏍᏗ,u:da:hnesagisdi,,,,
,,,,,,
ENTRY,ᎠᏓᏃᏫ,ada:hnowi,n,War.,,
,,,,,,
ENTRY,ᎠᏓᏄᎸᎭ,a:da:nú:lv:ha,vi,He is lazy.,,
,ᎦᏓᏄᎸᎠ,ga:da:nú:lvʔa,,,,
,ᎤᏓᏄᎸᏅᎢ,u:da:nú:lv:hnv̌ʔi,,,,
,ᎠᏓᏄᎸᎰᎢ,a:da:nú:lv:hóʔi,,,,
,ᎭᏓᏄᎸᎦ,ha:da:nú:lv:ga,,,,
,ᎤᏓᏄᎸᎢᏍᏗ,u:da:nú:lvʔi:sdi,,,,
,,,,,,
ENTRY,ᎠᏓᏅᎠ,a:dáʔnvʔa,vt,"He is moving his household from ….;
He is moving house.",x,
,ᎦᏓᏅᎠ,ga:dáʔnvʔa,,,Francis has ᎥᎢ not ᏒᎢ for PAST,
,ᎤᏓᏅᏒᎢ,u:dáʔnv:sv̌ʔi,,,,
,ᎠᏓᏅᏍᎪᎢ,a:dáʔnv:sgóʔi,,,,
,ᎭᏓᏅᎾ,ha:dáʔnv:na,,,,
,ᎤᏓᏅᏍᏗ,u:dáʔnv:sdi,,,,
note,"… ᎯᏄᎪᎢ ᏣᏤᎵᎪᎯ ᎨᏒᎢ, ᎠᎴ ᏣᎪᏏ ᎨᏒ ᎩᏯᏓᏅᏏ, <u>ᎠᎴ ᏣᏙᏓ ᎦᏁᎸ ᎭᏓᏅᎾ</u> …
… 'Go for thyself, from thy land, and from thy kindred, and <u>from the house of thy father</u> …
[ᎼᏏ ᎢᎬᏱᏱ 12:1]",,,,,
,,,,,,
ENTRY,ᎠᏓᏅᏏᏂᏙᎭ,a:da:hnsí:ni:do:ha,vi,He is crawling.,,
,ᎦᏓᏅᏏᏂᏙᎭ,ga:daʔnsí:ni:do:ha,,,,
,ᎤᏓᏅᏏᏂᏙᎸᎢ,u:da:hnsí:ni:doʔlv̌ʔi,,,,
,ᎠᏓᏅᏏᏂᏙᎰᎢ,a:da:hnsí:ni:do:hóʔi,,,,
,ᎭᏓᏅᏏᏂᏓ,ha:da:hnsí:ni:da,,,,
,ᎤᏓᏅᏏᏂᏓᏍᏗ,u:da:hnsí:ni:dasdi,,,,
,,,,,,
ENTRY,ᎠᏓᏅᏖᎭ,a:da:nhte:ha,vi,"He is thinking.;
He is planning.",x,
,ᎦᏓᏅᏖᎭ,ga:danhte:ha,,,Francis has ᎠᏓᏅᏖᏍᎦ for PRC,
,ᎤᏓᏅᏖᎸᎢ,u:da:nhte:hlv̌ʔi,,,,
,ᎠᏓᏅᏖᏍᎪᎢ,a:da:nhte:sgóʔi,,,,
,ᎭᏓᏅᏛᎵ,ha:da:nhtv:li,,,,
,ᎤᏓᏅᏖᏗ,u:da:nhte:hdi,,,,
note,"… ᎠᎴ ᎾᏍᎩ ᏂᎯ <u>ᏣᏓᏅᏖᏗ</u> ᎦᎪ ᎢᏳᏍᏗ ᎨᏒᎢ …
… And for this <u>thou must consider</u> to whom he sent thee …
[ᏧᏁᎶᏗ ᏚᏂᎩᏒᏒᎢ]",,,,,
,,,,,,
ENTRY,ᎠᏓᏅᏖᏏᎭ,a:da:nté:siha,vi,He is considering.,,
,ᎦᏓᏅᏕᏏᎭ,ga:da:ndʔé:siha,,,,
,-,,,,,
,ᎠᏓᏅᏖᏏᏍᎪᎢ,a:da:nté:sisgóʔi,,,,
,-,,,,,
,-,,,,,
,,,,,,
ENTRY,ᎠᏓᏌᏆᎴᎵ,a:dasagwaléhli,vi,He is rolling along.,,
,ᎦᏓᏌᏆᎴᎵ,ga:dasagwaléhli,,,,
,ᎤᏓᏌᏆᎴᎴᎸᎢ,u:dasagwaléhlelv̌ʔi,,,,
,ᎠᏓᏌᏆᎴᎵᏐᎢ,a:dasagwaléhli:sóʔi,,,,
,ᎭᏓᏌᏆᎴᎦ,ha:dasagwalega,,,,
,ᎤᏓᏌᏆᎴᏍᏗ,u:dasagwalésdi,,,,
,,,,,,
ENTRY,ᎠᏓᏍᏆᎶᏍᏗᎭ,a:da:sgwalo:sdi:ha,vt,He is bumping his head.,,
,ᎦᏓᏍᏆᎶᏍᏗᎠ,ga:da:sgwalo:sdiʔa,,,,
,ᎤᏓᏍᏆᎶᏍᏓᏅᎢ,u:da:sgwalo:sdanv̌ʔi,,,,
,ᎠᏓᏍᏆᎶᏍᏗᏍᎪᎢ,a:da:sgwalo:sdi:sgóʔi,,,,
,ᎭᏓᏍᏆᎶᏍᏓᏂ,ha:da:sgwalo:sdani,,,,
,ᎤᏓᏍᏆᎶᏗ,u:da:sgwalhdi,,,,
,,,,,,
ENTRY,ᎠᏓᏍᏓᏴᏗ,adasda:hydi,n,"Stove.;
Kitchen.",,
note,"ᎯᏍᎩᏁ: ᏑᎨᏓ ᏭᏂᏝᏁ <u>ᎠᏓᏍᏓᏴᏗ</u>.
Fifth: The dough was collected into <u>the stove</u>.
[ᏣᎳᎩ ᏔᎵᏁ ᏗᏂᏂᏙᎯ ᏗᏕᏲᏙᏗ]",,,,,
,,,,,,
ENTRY,ᎠᏓᏍᏕᏓᎵᏴᎡᎭ,a:dasde:daliyvʔe:ha,vt,He is trading.,,
,ᎦᏓᏍᏕᏓᎵᏴᎡᎭ,ga:dasde:daliyvʔe:ha,,,,
,ᎤᏓᏍᏕᏓᎵᏴᎡᎸᎢ,u:dasde:daliyvʔe:lv̌ʔi,,,,
,ᎠᏓᏍᏕᏓᎵᏴᎡᎰᎢ,a:dasde:daliyvʔe:hóʔi,,,,
,ᎭᏓᏍᏕᏓᎵᏴᎢ,ha:dasde:daliyvʔi,,,,
,ᎤᏓᏍᏕᏓᎵᏴᎡᏗ,u:dasde:daliyvʔe:hdi,,,,
,,,,,,
ENTRY,ᎠᏓᏙᎵᏍᏗᎭ,a:dado:li:sdi:ha,vi,He is praying.,,
,ᎦᏓᏙᎵᏍᏗᎠ,ga:dado:li:sdiʔa,,,,
,ᎤᏓᏙᎵᏍᏓᏅᎢ,u:dado:li:sdanv̌ʔi,,,,
,ᎠᏓᏙᎵᏍᏗᏍᎪᎢ,a:dado:li:sdi:sgóʔi,,,,
,ᎭᏓᏙᎵᏍᏓ,ha:dado:li:sda,,,,
,ᎤᏓᏙᎵᏍᏙᏗ,u:dado:li:stdi,,,,
note,"… ᎠᎴ ᎢᏴᏛᎭ <u>ᎠᏓᏙᎵᏍᏗᏍᎬᎩ</u>.
… sometimes <u>praying</u>.
[ᏧᏁᎶᏗ ᏚᏂᎩᏒᏒᎢ]",,,,,
,,,,,,
ENTRY,ᎠᏓᏙᎵᏍᏗᎭ,a:dato:lsdiha,vt,He is lending.,,
,ᎦᏓᏙᎵᏍᏗᎭ,ga:dadʔo:lsdiha,,,,
,ᎤᏓᏙᎵᏍᏓᏅᎢ,u:dato:lsdanv̌ʔi,,,,
,ᎠᏓᏙᎵᏍᏗᏍᎪᎢ,a:dato:lsdisgóʔi,,,,
,ᎭᏓᏙᎵᏍᏓ,ha:dato:lsda,,,,
,ᎤᏓᏙᎵᏍᏙᏗ,u:dato:lsdo:hdi,,,,
,,,,,,
ENTRY,ᎠᏓᏙᏚᎢᏍᏗᎭ,a:dado:duʔisdi:ha,vi,He is making himself attractive.,,
,ᎦᏓᏙᏚᎢᏍᏗᎠ,ga:dado:duʔisdiʔa,,,,
,ᎤᏓᏙᏚᎢᏍᏓᏅᎢ,u:dado:duʔisdanv̌ʔi,,,,
,ᎠᏓᏙᏚᎢᏍᏗᏍᎪᎢ,a:dado:duʔisdi:sgóʔi,,,,
,ᎭᏓᏙᏚᎢᏍᏓ,ha:dado:duʔisda,,,,
,ᎤᏓᏙᏚᎢᏍᏙᏗ,u:dado:duʔistdi,,,,
,,,,,,
ENTRY,ᎠᏓᏛᏛᎲᏍᎦ,a:datv́:dv:hv:sga,vt,He is asking a question.,x,
,ᎦᏓᏛᏛᎲᏍᎦ,ga:da:tv́:dv:hv:sga,,,,
,ᎤᏓᏛᏛᏅᎢ,u:datv́:dv:hnv̌ʔi,,,,
,ᎠᏓᏛᏛᎲᏍᎪᎢ,a:datv́:dv:hv:sgóʔi,,,,
,ᎭᏓᏛᏛᎲᎦ,ha:datv́:dv:hv:ga,,,,
,ᎤᏓᏛᏗ,u:datv́:hdi,,,,
note,"… ᏧᏁᎶᏗ <u>ᎤᏓᏛᏛᏅᎩ</u> ᎯᎠ ᏄᏪᏒᎩ, ᏝᏍᎪ ᎨᏍᎩᏰᏅᏕᏍᏗ ᏱᎩ ᎯᎠ ᎦᎨᏛ ᏥᎦᎵᏎᎭ ᎤᏛᏅᎩ …
… <em>Christian</em> <u>asked him</u> further If he could not help him off with his Burden that was upon his back …
[ᏧᏁᎶᏗ ᏚᏂᎩᏒᏒᎢ]",,,,,
,,,,,,
ENTRY,ᎠᏓᏦᏍᏗ,ada:jo:sdi,n,Belt.,,
,,,,,,
ENTRY,ᎠᏓᏬᎠ,a:dawóʔa,vi,"He is swimming.;
He is bathing.",x,
,ᎦᏓᏬᎠ,ga:dawóʔa,,,,
,ᎤᏓᏬᎥᎢ,u:dawóʔv̌ʔi,,,,
,ᎠᏓᏬᏍᎪᎢ,a:dawó:sgóʔi,,,,
,ᎭᏓᏬᏣ,ha:dawó:ja,,,,
,ᎤᏓᏬᏍᏗ,u:dawó:sdi,,,,
note,"ᎧᎹᎹ <u>ᎠᏓᏬᎠ</u> ᎥᏓᎵ.
An elephant <u>is bathing</u> in a lake.
[ᏣᎳᎩ ᏔᎵᏁ ᏗᏂᏂᏙᎯ ᏗᏕᏲᏙᏗ]",,,,,
,,,,,,
ENTRY,ᎠᏓᏬᎯᎵᏗᎠ,a:dawo:hildiʔa,vi,He is climbing over.,,
,ᎦᏓᏬᎢᎵᏗᎠ,ga:dawoʔildiʔa,,,,
,ᎤᏓᏬᎯᎵᏛᎢ,u:dawo:hildv̌ʔi,,,,
,ᎠᏓᏬᎯᎵᏗᏍᎪᎢ,a:dawo:hildisgóʔi,,,,
,ᎭᏓᏬᎯᎵᏓ,ha:dawo:hilda,,,,
,ᎤᏓᏬᎯᎵᏗᏍᏗ,u:dawo:hildisdi,,,,
,,,,,,
ENTRY,ᎠᏓᏯᎯ,adayahi,n,"Oak.;
biol. <em>Quercus spp.</em>",,
,,,,,,
ENTRY,ᎠᏓᏰᏍᎩ,ada:ye:sgi,n,Cancer.,,
note,"ᎠᎴ ᎬᏂᏳᏉ <u>ᎠᏓᏰᏍᎩ ᎤᏢᎩ</u> ᎤᎷᏤ ᎤᏓᏙᎵᏍᏓᏁᎴᎢ …
and lo, <u>a leper</u> having come, was bowing to him …
[ᎹᏚ 8:2]",,,,,
,,,,,,
ENTRY,ᎠᏓᏲᏍᎦ,ada:hyo:sga,vi,"He is surrendering.;
He is giving up.",x,
,ᎦᏓᏲᏍᎦ,ga:dahyo:sga,,,Reflexive form of?,
,ᎤᏓᏲᏒᎢ,u:da:hyo:sv̌ʔi,,,,
,ᎠᏓᏲᏍᎪᎢ,ada:hyo:sgóʔi,,,,
,ᎭᏓᏲᎯ,hada:hyo:hi,,,,
,ᎤᏓᏲᎯᏍᏗ,u:da:hyo:hisdi,,,,
,,,,,,
ENTRY,ᎠᏓᏴᏦᏗᏍᎩ,adayv:jodisgi,n,The mumps.,,
,,,,,,
ENTRY,ᎠᏔ,a:ta,n,"Girl, teenage.",,
,,,,,,
ENTRY,ᎠᏔᎳᎦᏍᎦ,atala:ksga,vt,He is penetrating it.,,
,ᏥᏓᎳᎦᏍᎦ,*jidʔala:ksga,,,,
,ᎤᏔᎳᎦᏒᎢ,u:tala:ksv̌ʔi,,,,
,ᎠᏔᎳᎦᏍᎪᎢ,atala:ksgóʔi,,,,
,ᎯᏔᎳᎦ,hitala:ga,,,,
,ᎤᏔᎳᎦᏍᏗ,u:tala:ksdi,,,,
,,,,,,
ENTRY,ᎠᏔᎳᎦᏒᎢ,atalaksvʔi,n,A hole.,,
,,,,,,
ENTRY,ᎠᏔᏃᏍᎦ,a:tanǒ:hsga,vi,He is becoming big.,x,
,ᎦᏓᏃᏍᎦ,ga:dʔanǒ:hsga,,,,
,ᎤᏔᏃᏒᎢ,u:tanǒ:hsv̌ʔi,,,,
,ᎠᏔᏃᏍᎪᎢ,a:tanǒ:hsgóʔi,,,,
,ᎭᏔᏃᎯ,ha:tanóhi,,,,
,ᎤᏔᏃᎯᏍᏗ,u:tanóhisdi,,,,
,,,,,,
ENTRY,ᎠᏔᏍᎦ,a:tǎ:hsga,vt,He is hanging it (something solid) up.,x,
,ᎦᏓᏍᎦ,ga:dáʔsga,,,Francis has ᎤᏔᏗ for INF,
,ᎤᏔᏅᎢ,u:tánv̌ʔi,,,,
,ᎠᏔᏍᎪᎢ,a:tǎ:hsgóʔi,,,,
,ᎭᏔᎦ,ha:tá:ga,,,,
,ᎤᏔᏗ,u:tdi,,,,
,,,,,,
ENTRY,ᎠᏔᏍᎩᎠ,a:ta:sgiʔa,vi,It is popping.,x,
,-,,,,,
,ᎤᏔᏍᎩᏒᎢ,u:ta:sgisv̌ʔi,,,,
,ᎠᏔᏍᎩᏍᎪᎢ,a:ta:sgisgóʔi,,,,
,ᏩᏔᏍᎩ,wa:ta:sgi,,,,
,ᎤᏔᏍᎩᏍᏗ,u:ta:sgisdi,,,,
,,,,,,
ENTRY,ᎠᏔᏍᎩᎠ,ahta:sgíʔa,vi,He is bleeding.,x,
,ᎦᏔᏍᎩᎠ,ga:hta:sgíʔa,,,,
,ᎤᏔᏍᎩᏒᎢ,u:hta:sgísv̌ʔi,,,,
,ᎠᏔᏍᎩᏍᎪᎢ,ahta:sgísgóʔi,,,,
,ᎭᏔᏍᎩ,hahta:sgi,,,,
,ᎤᏔᏍᎩᏍᏗ,u:hta:sgísdi,,,,
,,,,,,
ENTRY,ᎠᏔᏍᎩᏍᎬᎢ,atasgi:sgvʔi,n,"Sap.;
Pus.",,
,,,,,,
ENTRY,ᎠᏔᏍᎩᏍᏗᎭ,a:ta:sgisdiha,vt,He is popping it.,,
,ᎦᏓᏍᎩᏍᏗᎭ,ga:dʔa:sgisdiha,,,,
,ᎤᏔᏍᎩᏍᏔᏅᎢ,u:ta:sgistanv̌ʔi,,,,
,ᎠᏔᏍᎩᏍᏗᏍᎪᎢ,a:ta:sgisdisgóʔi,,,,
,ᎭᏔᏍᎩᏍᏓ,ha:ta:sgisda,,,,
,ᎤᏔᏍᎩᏍᏙᏗ,u:ta:sgisdo:hdi,,,,
,,,,,,
ENTRY,ᎠᏔᏪᏙᏍᎦ,a:tawé:do:sga,vt,He is kissing her.,x,
,ᏥᏯᏓᏪᏙᏍᎦ,*ji:ya:tawé:do:sga,,,Glottal stop fixes,
,ᎤᏔᏪᏙᏅᎢ,u:tawé:doʔnv̌ʔi,,,,
,ᎠᏔᏪᏙᏍᎪᎢ,a:tawé:do:sgóʔi,,,,
,ᎯᏯᏓᏪᏙᎦ,hi:ya:tawé:do:ga,,,,
,ᎤᏔᏪᏙᏍᏗ,u:tawé:do:sdi,,,,
,,,,,,
ENTRY,ᎠᏔᏬᎠ,a:tawóʔa,vt,He is combing hair.,x,
,ᏥᏔᏬᎠ,jitawóʔa,,,,
,ᎤᏔᏬᎥᎢ,u:tawóʔv̌ʔi,,,,
,ᎠᏔᏬᏍᎪᎢ,a:tawó:sgóʔi,,,,
,ᎯᏔᏬᏣ,hitawó:ja,,,,
,ᎤᏔᏬᏍᏗ,u:tawó:sdi,,,,
,,,,,,
ENTRY,ᎠᏔᏲᎯᎭ,a:htayo:hiha,vt,"He is asking.;
He is asking for.;
He is requesting.",,
,ᏥᏔᏲᎯᎭ,jiʔtayo:hiha,,,,
,ᎤᏔᏲᎸᎢ,u:htayo:hlv̌ʔi,,,,
,ᎠᏔᏲᎯᎰᎢ,a:htayo:hihóʔi,,,,
,ᎯᏔᏲᎭᎦ,hihtayo:ha:ga,,,,
,ᎤᏔᏲᏍᏗ,u:htayo:sdi,,,,
note,"ᎥᏝ ᎡᎶᎯ ᏗᎧᎲᏍᏗᏱ <u>ᏱᏥᏔᏲᎯᎭ</u> …
I do not <u>ask</u> that Thou mayest take them out of the world …
[ᏣᏂ 17:15]",,,,,
,,,,,,
ENTRY,ᎠᏔᏲᏎᎭ,a:htayóhse:ha,vt,He is asking him for it.,,
,ᏥᏔᏲᏎᎭ,jiʔtayóhse:ha,,,,
,ᎤᏔᏲᏎᎸᎢ,u:htayóhseʔlv̌ʔi,,,,
,ᎠᏔᏲᏎᎰᎢ,a:htayóhse:hóʔi,,,,
,ᎯᏔᏲᏎᏏ,hiʔtayóhse:si,,,,
,ᎤᏔᏲᏎᏗ,u:htayóhse:hdi,,,,
note,"ᎢᏳᏃ ᎩᎶ ᏂᎯ ᎢᏤᎲ ᎠᎦᏙᎥᎯᏍᏗ ᎨᏒ ᎤᏂᎬᎨᏍᏗ, ᎤᏁᎳᏅᎯ <u>ᎠᏔᏲᏎᎮᏍᏗ</u>, …
and if any of you do lack wisdom, <u>let him ask from</u> God, …
[ᏥᎻ 1:5]",,,,,
,,,,,,
ENTRY,ᎠᏕᎭ,ade:ha,vt,He is giving it (something long) to him.,,
,ᏥᏕᎠ,ji:deʔa,,,,
,ᎤᏕᎸᎢ,u:de:lv̌ʔi,,,,
,ᎠᏕᎰᎢ,ade:hóʔi,,,,
,ᎯᏗᏏ,hi:disi,,,,Removed extraneous space in this tense
,ᎤᏕᎯ,u:de:hi,,,,
,,,,,,
ENTRY,ᎠᏕᎰᏍᎦ,a:dehǒ:hsga,vi,He is ashamed.,x,
,ᎦᏕᎰᏍᎦ,ga:dehǒ:hsga,,,,
,ᎤᏕᎰᏒᎢ,u:dehǒ:hsv̌ʔi,,,,
,ᎠᏕᎰᏍᎪᎢ,a:dehǒ:hsgóʔi,,,,
,ᎭᏕᎰᎯ,ha:dehóhi,,,,
,ᎤᏕᎰᎯᏍᏗ,u:dehóhisdi,,,,
note,"ᎠᎴ ᎤᎪᎲᏉ ᎤᎴᏅᎲ <u>ᎠᏕᎰᏍᎬᎢ</u>.
at the sight also of whom he began to blush <u>for shame</u>.
[ᏧᏁᎶᏗ ᏚᏂᎩᏒᏒᎢ]",,,,,
,,,,,,
ENTRY,ᎠᏕᎲᏍᎦ,adehv̌:hsga,vi,He is being born.,x,
,ᎦᏕᎥᏍᎦ,gadeʔv̌:hsga,,,,
,ᎤᏕᏅᎢ,u:de:hnv̌ʔi,,,,
,ᎠᏕᎲᏍᎪᎢ,adehv̌:hsgóʔi,,,,
,ᎭᏕᎲᎦ,hadehv́:ga,,,,
,ᎤᏕᏗ,u:de:hdi,,,,
note,"… ᏅᎲᎢ ᎠᏍᎦᏂ ᎨᏒ <u>ᏣᏕᏅᎩ</u> …
… ‘In sins thou wast <u>born</u> altogether …
[ᏣᏂ 9:34]",,,,,
,,,,,,
ENTRY,ᎠᏕᎳ,ade:la,n,Money.,,
,,,,,,
ENTRY,ᎠᏕᎶᎰᏍᎦ,a:de:loho:sga,vt,He is noticing it.,x,
,ᎦᏕᎶᎣᏍᎦ,ga:de:loʔosga,,,,
,ᎤᏕᎶᎰᏒᎢ,u:de:loho:sv̌ʔi,,,,
,ᎠᏕᎶᎰᏍᎪᎢ,a:de:loho:sgóʔi,,,,
,ᎭᏕᎶᎰᎯ,ha:de:loho:hi,,,,
,ᎤᏕᎶᎰᎯᏍᏗ,u:de:loho:hisdi,,,,
note,"… ᎯᎠᏃ ᏄᏪᏒᎩ, Ꭷ, ᎰᏩᏉ, <u>ᎦᏕᎶᎣᏍᎦᏍᎩᏂ</u> ᎠᏂ ᎪᏪᎵ ᏣᏆᏒᎦᏔ.
… He answered, Sir, I <u>perceive</u> by the Book in my hand, that I am condemned to die.
[ᏧᏁᎶᏗ ᏚᏂᎩᏒᏒᎢ]",,,,,
,,,,,,
ENTRY,ᎠᏕᎶᏆᎠ,a:de:hlókwaʔa,vt,He is learning.,x,
,ᎦᏕᎶᏆᎠ,ga:deʔlókwaʔa,,,Francis has different past stem,
,ᎤᏕᎶᏈᎥᎢ,u:de:hlókwi:v̌ʔi,,,,
,ᎠᏕᎶᏆᏍᎪᎢ,a:de:hlókwasgóʔi,,,,
,ᎭᏕᎶᏆ,ha:de:hlókwa,,,,
,ᎤᏕᎶᏆᏍᏗ,u:de:hlókwasdi,,,,
note,"ᎾᏍᎩ ᏂᎪᎯᎸ <u>ᎠᎾᏕᎶᏆᏍᎪᎢ</u>, ᎠᏎᏃ ᎥᏝ ᎢᎸᎯᏳ ᏱᏩᏂᏰᎢᎶᎯᎰ ᏚᏳᎪᏛ ᎠᎦᏙᎥᎯᏍᏗ ᎨᏒᎢ.
always <u>learning</u>, and never to a knowledge of truth able to come,
[ᏔᎵᏁ ᏗᎹᏗ 3:7]",,,,,
,,,,,,
ENTRY,ᎠᏕᎸᎢ,ade:lvʔhi,n,A dollar.,,
,,,,,,
ENTRY,ᎠᏕᏗᏯᏍᏗ,ade:diya:sdi,n,Indian beads.,,
,,,,,,
ENTRY,ᎠᏕᏯᏙᏗᎭ,a:de:hyto:hdiha,vt,"He is bothering someone.;
He is being troublesome.",,
,ᎦᏕᏯᏙᏗᎭ,ga:deʔyto:hdiha,,,,
,ᎤᏕᏯᏙᏔᏅᎢ,u:de:hyto:ta:nv̌ʔi,,,,
,ᎠᏕᏯᏙᏗᏍᎪᎢ,a:de:hyto:hdisgóʔi,,,,
,ᎭᏕᏯᏙᏓ,ha:de:hyto:hda,,,,
,ᎤᏕᏯᏙᏗ,u:de:hyto:hdi,,,,
note,"… ᎥᏝ ᎠᏏ ᎦᏙ ᏱᎬᏩᏍᏗ ᎤᏟ ᎤᎾᏰᎯᏍᏗ ᎠᎴ <u>ᎤᏕᏯᏙᏗ</u> ᎦᎶᎯᏍᏗᏱ ᏱᎦᎩ ᎾᏍᎩ ᎯᎠ ᎠᏂ ᏨᏗᏣᏎᎮᎸ …
… there is not a more dangerous and <u>troublesome</u> way in the world than is that unto which he hath directed thee …
[ᏧᏁᎶᏗ ᏚᏂᎩᏒᏒᎢ]",,,,,
,,,,,,
ENTRY,ᎠᏕᏱᎭ,a:de:hyiha,vt,He is denying it.,,
,ᎦᏕᏱᎭ,ga:deʔyiha,,,,
,ᎤᏕᏯᎸᎢ,u:de:hyalv̌ʔi,,,,
,ᎠᏕᏱᎰᎢ,a:de:hyihóʔi,,,,
,ᎭᏕᏱᎦ,ha:de:hyiga,,,,
,ᎤᏕᏯᏍᏗ,u:de:hyasdi,,,,
,,,,,,
ENTRY,ᎠᏕᏲᎭ,a:de:hyo:ha,vi,He is going in a circle.,,
,ᎦᏕᏲᎭ,ga:deʔyo:ha,,,,
,ᎤᏕᏯᎸᎢ,u:de:hya:lv̌ʔi,,,,
,ᎠᏕᏲᎰᎢ,a:de:hyo:hóʔi,,,,
,ᎭᏕᏲᎦ,ha:de:hyʔga,,,,
,ᎤᏕᏯᏍᏗ,u:de:hyasdi,,,,
,,,,,,
ENTRY,ᎠᏖᎳᏕᎭ,a:télde:ha,vt,He is joining.,,
,ᏥᏯᏕᎳᏕᎭ,*ji:ya:dʔélde:ha,,,,
,ᎤᏖᎳᏕᎭᏅᎢ,u:télde:hanv̌ʔi,,,,
,ᎠᏖᎳᏕᎰᎢ,a:télde:hóʔi,,,,
,ᎯᏯᏕᎳᏕᎠ,hi:ya:dʔéldea,,,,
,ᎤᏖᎳᏕᎣᏗ,u:téldeo:hdi,,,,
,,,,,,
ENTRY,ᎠᏖᎵᏙ,a:hte:li:do,n,Plate.,,
,ᏗᏖᎵᏙ,di:hte:li:do,,,plural,
,,,,,,
ENTRY,ᎠᏖᎸᎲᏍᎦ,a:hté:lvhv:sga,vt,He is shaking it.,x,
,ᏥᏖᎸᎲᏍᎦ,jité:lvhv:sga,,,,
,ᎤᏖᎸᏅᎢ,u:hté:lvhnv̌ʔi,,,,
,ᎠᏖᎸᎲᏍᎪᎢ,a:hté:lvhv:sgóʔi,,,,
,ᎯᏖᎸᎲᎦ,hihté:lvhv:ga,,,,
,ᎤᏖᎸᏗ,u:hté:hldi,,,,
,,,,,,
ENTRY,ᎠᏖᏍᎨᏂ,atesge:ni,n,Lower back.,,
,ᏥᏖᏍᎨᏂ,jitesge:ni,,,,
,,,,,,
ENTRY,ᎠᏖᏍᏗᎭ,ate:sdi:ha,vt,"He is startling him.;
He is frightening him.",,
,ᏥᏯᏕᏍᏗᎭ,ji:yadʔe:sdi:ha,,,,
,ᎤᏖᏍᏔᏅᎢ,u:te:stanv̌ʔi,,,,
,ᎠᏖᏍᏗᏍᎪᎢ,ate:sdi:sgóʔi,,,,
,ᎯᏯᏕᏍᏓ,hi:yadʔe:sda,,,,
,ᎤᏖᏍᏙᏗ,u:te:sdo:hdi,,,,
,,,,,,
ENTRY,ᎠᏗᎠ,aʔdiʔa,vt,He is saying it.,,
,ᎦᏗᎠ,gaʔdiʔa,,,,
,ᎤᏛᏅᎢ,uʔdvʔnv̌ʔi,,,,
,ᎠᏗᏍᎪᎢ,aʔdi:sgóʔi,,,,
,ᎭᏓ,haʔda,,,,
,ᎤᏘᏗ,uʔdi:hsdi,,,,
note,"ᎤᏙᎯᏳᎯᏯ, <u>ᎤᏛᏅ</u> ᏧᏁᎶᏗ, ᎥᏝ ᏱᏥᎦᏔᎭ.
Truly, <u>said</u> Christian, I do not know.
[ᏧᏁᎶᏗ ᏚᏂᎩᏒᏒᎢ]",,,,,
,,,,,,
ENTRY,ᎠᏗᎠ,a:diʔa,vt,"He is laying it (something long) down.;
He is placing it (something long) on the ground.",,
,ᏥᏗᎠ,jidiʔa,,,,
,ᎤᏩᏛᎢ,u:wa:dv̌ʔi,,,,
,ᎠᏗᏍᎪᎢ,a:di:sgóʔi,,,,
,ᎯᏓ,hida,,,,
,ᎤᏩᏗᏍᏗ,u:wa:di:sdi,,,,
,,,,,,
ENTRY,ᎠᏗᎦᎴᏯᎠ,a:di:gale:yaʔa,vt,He is scattering from a pile.,,
,ᎦᏗᎦᎴᏯᎠ,ga:di:gale:yaʔa,,,,
,ᎤᏗᎦᎴᏱ,u:di:gale:yi,,,,
,ᎠᏗᎦᎴᏯᏍᎪᎢ,a:di:gale:ya:sgóʔi,,,,
,ᎭᏗᎦᎴᏯ,ha:di:gale:ya,,,,
,ᎤᏗᎦᎴᏯᏍᏗ,u:di:gale:ya:sdi,,,,
,,,,,,
ENTRY,ᎠᏗᎬᎠ,a:dí:kvʔa,vi,He is urinating.,,
,ᎦᏗᎬᎠ,ga:dí:kvʔa,,,,
,ᎤᏗᎧᎸᎢ,u:dí:kalv̌ʔi,,,,
,ᎠᏗᎬᎰᎢ,a:dí:kv:hóʔi,,,,
,ᎭᏗᎦ,ha:dí:ga,,,,
,ᎤᏗᎬᏍᏗ,u:dí:kv:sdi,,,,
,,,,,,
ENTRY,ᎠᏗᏍᎦᎳᏍᎦ,a:disga:hlǎ:hsga,vi,He is hiding.,x,
,ᎦᏗᏍᎦᎳᏍᎦ,ga:disga:hlǎ:hsga,,,,
,ᎤᏗᏍᎦᎸᏅᎢ,u:disga:hlv́:nv̌ʔi,,,,
,ᎠᏗᏍᎦᎳᏍᎪᎢ,a:disga:hlǎ:hsgóʔi,,,,
,ᎭᏗᏍᎦᎳᎦ,ha:disga:hlá:ga,,,,
,ᎤᏗᏍᎦᎳᏗ,u:disga:hldi,,,,
,,,,,,
ENTRY,ᎠᏗᏍᏚᏍᎦ,a:dísdu:sga,vi,He is bowing.,x,
,ᎦᏗᏍᏚᏍᎦ,ga:disdu:sga,,,Francis has ᎤᏗᏍᏚᏗ for INF,
,ᎤᏗᏍᏚᏅᎢ,u:dísdunv̌ʔi,,,,
,ᎠᏗᏍᏚᏍᎪᎢ,a:dísdu:sgóʔi,,,,
,ᎭᏗᏍᏚᎦ,ha:dísdu:ga,,,,
,ᎤᏗᏍᏗ,u:dísdi,,,,
,,,,,,
ENTRY,ᎠᏗᏏᏯ,adi:hsi:ya,vt,He is leaving it (something long).,,Changed this to the root in King's 1978 article since the 1975 root doesn't mke sense. 78 also matches the CED entry
,ᏥᏗᏏᏯ,jidi:hsi:ya,,,,
,ᎤᏗᏏᏴᎢ,u:di:hsi:yv̌ʔi,,,,
,ᎠᏗᏏᏱᏍᎪᎢ,adi:hsi:yi:sgóʔi,,,,
,ᎯᏗᏏᏱ,hidi:hsi:yi,,,,
,ᎤᏗᏏᏱᏗ,u:di:gsi:yhdi,,,,
,,,,,,
ENTRY,ᎠᏗᏔᏍᎦ,a:díta:sga,vt,He is drinking.,x,
,ᎦᏗᏔᏍᎦ,ga:di:ta:sga,,,Francis PAST,
,ᎤᏗᏔᎲᎢ,u:díta:hv̌ʔi,,,,
,ᎠᏗᏔᏍᎪᎢ,a:díta:sgóʔi,,,,
,ᎭᏗᏔ,ha:díta,,,,
,ᎤᏗᏔᏍᏗ,u:díta:sdi,,,,
note,"ᎯᎠᏃ ᏄᏪᏎᎢ, <u>ᎭᏗᏔ</u> ᏣᎬᏫᏳᎯ ᎠᏆᏤᎵᎦ; …
and she saith, '<u>Drink</u>, my lord;' …
[ᎼᏏ ᎢᎬᏱᏱ 24:18]",,,,,
,,,,,,
ENTRY,ᎠᏗᏗᎠ,a:di:diʔa,vi,He is arising from lying; he is getting up (from bed),,
,ᎦᏗᏗᎠ,ga:di:diʔa,,,,
,ᎤᏗᏛᎥᎢ,u:di:dvʔv̌ʔi,,,,
,ᎠᏗᏗᏍᎪᎢ,a:di:di:sgóʔi,,,,
,ᎭᏗᏓ,hadǐ:da,,,,
,ᎤᏗᏘᏗ,u:di:tdi,,,,
note,"ᏧᏙᏓᏆᏛ ᏑᏓᎵ ᎢᏳᏩᏂᎸ ᏑᎾᎴ ᏥᏰᏍᎪᎢ ᏃᎴ <u>ᎦᏗᏗᏍᎪᎢ</u>. 
Every day I wake up and <u>get up out of bed<u> at six o'clock in the morning. ",,,,,
,,,,,,
ENTRY,ᎠᏗᏙᏗ,adito:hdi,n,Spoon.,,
,,,,,,
ENTRY,ᎠᏗᏫᏍᎦ,a:di:whsga,vi,"He is healing up.;
He is getting well.",x,
,ᎦᏗᏫᏍᎦ,ga:di:whsga,,,See CED: ᎤᏗᏫᏍᎦ,
,ᎤᏗᏫᏒᎢ,u:di:whsv̌ʔi,,,,
,ᎠᏗᏫᏍᎪᎢ,a:di:whsgóʔi,,,,tlw corrected 8/28/2018
,ᏩᏗᏫ,hadi:hwi,,,,
,ᎤᏗᏫᏍᏗ,u:di:hwisdi,,,,
,,,,,,
ENTRY,ᎠᏘᏂ,a:hti:hni,vt,He is taking someone along.,,
,ᏥᏘᏂ,jiʔti:hni,,,,
,ᎤᏘᏁᏒᎢ,u:hti:hnesv̌ʔi,,,,
,ᎠᏘᏂᏐᎢ,a:hti:hni:sóʔi,,,,
,ᎯᏘᏄᎦ,hi:hti:hnuʔga,,,,
,ᎤᏘᏅᏍᏗ,u:hti:hnvsdi,,,,
note,"ᎤᎩᏨᏛᏃ ᏧᎾᎩᎸᏗ <u>ᎤᎾᏘᏅᏍᏗ</u> ᏄᏅᏁᎸ, ᎠᏂᏯᏫᏍᎩ ᎤᎾᏨᏒᎩ, ᏗᏐᏴ ᏭᏂᎶᏒᎩ.
and on the morrow, having suffered the horsemen <u>to go on with</u> him, they returned to the castle;
[ᎨᏥᏅᏏᏛ ᏄᎾᏛᏁᎵᏙᎸᎢ 23:32]",,,,,
,,,,,,
ENTRY,ᎠᏘᏍᎩ,ati:sgi,n,"His right.;
Right-handedness.",,
,ᏥᏘᏍᎩ,jiti:sgi,,,,
,,,,,,
ENTRY,ᎠᏘᏲᎯᎭ,a:tiyóhiha,vi,He is arguing.,,
,ᎦᏗᏲᎯᎭ,ga:dʔiyóhiha,,,,
,ᎤᏘᏲᎸᎢ,u:tiyóhlv̌ʔi,,,,
,ᎠᏘᏲᎯᎰᎢ,a:tiyóhihóʔi,,,,
,ᎭᏘᏲᎭᎦ,ha:tiyóha:ga,,,,
,ᎤᏘᏲᏍᏗ,u:tiyǒ:hsdi,,,,
note,"… ᏞᏍᏗᏉ <u>ᎩᎾᏘᏲᎸᎩ</u> ᎠᏴ, ᎠᎴ ᎦᎾᏝᎢ ᏗᎨᎩᏂᎦᏘᏕᎯ ᏞᏍᏗ <u>ᎤᎾᏘᏲᎸᎩ</u>; ᏗᎾᏓᏅᏟᏉᏰᏃ.
… 'Let there not, I pray thee, be <u>strife</u> between me and thee, and between my shepherds and thy shepherds, for we [are] men -- brethren.
[ᎼᏏ ᎢᎬᏱᏱ 13:8]",,,,,
,,,,,,
ENTRY,ᎠᏙᎣᎸᏍᏙᏗ,a:hdoʔo:lvsdo:hdi,n,Saucer.,,
,,,,,,
ENTRY,ᎠᏙᎥᏅᏗᎭ,a:doʔv:hndiha,vt,"He is dropping it, knocking (something alive) off.;
He is dropping it, knocking (something flexible) off.",,
,"ᏥᏯᏙᎥᏅᏗᎭ, ᎦᏙᎥᏅᏗᎭ","*ji:ya:doʔvʔndihā, ga:doʔvʔndiha",,,,
,ᎤᏙᎥᏅᏓᏅᎢ,u:doʔv:hndanv̌ʔi,,,,
,ᎠᏙᎥᏅᏓᏍᎪᎢ,a:doʔv:hntsgóʔi,,,,
,"ᎯᏯᏙᎥᏅᏓ, ᎭᏙᎥᏅᏓ","hi:ya:doʔv:hndā, ha:doʔv:hnda",,,,
,ᎤᏙᎥᏅᏙᏗ,u:doʔv:hndo:hdi,,,,
,,,,,,
ENTRY,ᎠᏙᎯᎠ,ato:híʔa,vi,"He is yelling.;
He is shouting.;
He is hollering.",x,
,ᎦᏙᎯᎠ,ga:to:híʔa,,,,
,ᎤᏙᎯᏒᎢ,u:to:hísv̌ʔi,,,,
,ᎠᏙᎯᏍᎪᎢ,ato:hísgóʔi,,,,
,ᎭᏙᎯ,hato:hi,,,,
,ᎤᏙᎯᏍᏗ,u:to:híʔsdi,,,,
note,,,,,,
,,,,,,
ENTRY,ᎠᏙᎳᏅᏍᏗ,ado:lanvsdi,n,"Walking stick.;
Walking cane.",,
note,"… ᎠᎴ ᎯᎠ ᏄᏪᏎᎢ, ᎭᏙᎴᎰᎯ, ᎦᎪ ᏧᏤᎵᎦ ᎯᎠ, ᎠᎵᏰᏑᏍᏚᏬ ᎠᏐᎥᏍᏙᏗ, ᎠᎴ ᎪᎸᏌᏛᏗ, ᎠᎴ <u>ᎠᏙᎳᏅᏍᏗ</u>.
… and she saith, 'Discern, I pray thee, whose [are] these -- the seal, and the ribbons, and the <u>staff</u>.'
[ᎼᏏ ᎢᎬᏱᏱ 38:25]",,,,,
,,,,,,
ENTRY,ᎠᏙᎴᏈᎠ,a:do:hlekwiʔa,vt,He is learning.,,
,ᎦᏙᎴᏈᎠ,ga:doʔlekwiʔa,,,,
,ᎤᏙᎴᏋᎢ,u:do:hlekwv̌ʔi,,,,
,ᎠᏙᎴᏆᏍᎪᎢ,a:do:hlekwasgóʔi,,,,
,ᎭᏙᎴᏆ,ha:do:hlekwa,,,,
,ᎤᏙᎴᏆᏍᏗ,u:do:hlekwasdi,,,,
note,"“<u>ᎢᏣᏙᎴᏆᏍᎨᏍᏗ</u> ᏗᏓᏅᏬ ᏅᏬᏗ …
“<u>You should be learning</u> doctoring medicine …
[King pg 122]",,,,,
,,,,,,
ENTRY,ᎠᏙᎵᏍᎦ,ato:hlsga,vt,He is borrowing it.,x,
,ᎦᏙᎵᏍᎦ,ga:to:hlsga,,,Francis: Borrow vs Burrow,Checked King E->C list. It's Borrow. 
,ᎤᏙᎵᏒᎢ,u:to:hlsv̌ʔi,,,CED shows borrow,
,ᎠᏙᎵᏍᎪᎢ,ato:hlsgóʔi,,,,
,ᎭᏙᎵ,hato:li,,,,
,ᎤᏙᎵᏍᏗ,u:to:hlsdi,,,,
,,,,,,
ENTRY,ᎠᏙᏌᏗᎠ,ahto:hsádiʔa,vt,He is hanging it (something long) up.,x,
,ᎦᏙᏌᏗᎠ,ga:hto:hsádiʔa,,,,
,ᎤᏙᏌᏛᎢ,u:hto:hsádv̌ʔi,,,,
,ᎠᏙᏌᏗᏍᎪᎢ,ahto:hsádi:sgóʔi,,,,
,ᎭᏙᏌᏓ,hahto:hsáda,,,,
,ᎤᏙᏌᏗᏍᏗ,u:hto:hsádi:sdi,,,,
,,,,,,
ENTRY,ᎠᏙᏏᏏᎭ,ahto:si:hsiha,vt,He is taking it (something long) down (from a hanger).,,"Restored ""h""s to root ""ahtosihs-"""
,ᎦᏙᏏᏏᎭ,gaʔto:si:hsiha,,,,
,ᎤᏙᏏᎥᎢ,u:hto:sʔi:v̌ʔi,,,,
,ᎠᏙᏏᏏᏍᎪᎢ,ahto:si:hsisgóʔi,,,,
,ᎭᏙᏏᎠ,hahto:hsia,,,,
,ᎤᏙᏏᏍᏗ,u:hto:si:hsdi,,,,
,,,,,,
ENTRY,ᎠᏚᏒᎥᏍᎦ,a:dú:svʔv:sga,vt,He is covering it.,x,
,ᎦᏚᏒᎥᏍᎦ,ga:dú:svʔvsga,,,REFLEXIVE? Covering self?,"original King p. 182 alphabetized as U not O; a paper grid line goes through top of letter, so that could make U look like O (per CK)"
,ᎤᏚᏒᏅᎢ,u:dú:svʔnv̌ʔi,,,Compare with: ᎫᏌᎥᏍᎦ / gu³sạʔvsga / He is covering it.,
,ᎠᏚᏒᎥᏍᎪᎢ,a:dú:svʔv:sgóʔi,,,,
,ᎭᏚᏒᎥᎦ,ha:dú:svʔv:ga,,,,
,ᎤᏚᏒᏗ,u:dú:svʔdi,,,,
,,,,,,
ENTRY,ᎠᏙᏥᏗᎭ,*a:dó:jdiha,vt,"He is ridiculing him.;
He is making fun of him.",,
,ᏥᏯᏙᏥᏍᏗᎭ,*ji:ya:dó:dʔsdiha,,,,
,ᎤᏙᏥᏔᏅᎢ,*u:dó:jtanv̌ʔi,,,,
,ᎠᏙᏥᏗᏍᎪᎢ,*a:dó:jdisgóʔi,,,,
,ᎯᏯᏙᏥᏍᏓ,hi:ya:dó:dʔsda,,,,
,ᎤᏙᏦᏗ,u:dó:jo:hdi,,,,
,,,,,,
ENTRY,ᎠᏙᏪᎳᎩᎠ,adowe:la:giʔa,vi,It is burning.,x,
,-,,,,,
,ᎤᏙᏪᎳᎩᎥᎢ,u:dowe:la:gi:v̌ʔi,,,,
,ᎠᏙᏪᎳᎩᏍᎪᎢ,adowe:la:gisgóʔi,,,,
,ᏩᏙᏪᎳᎦ,wadowe:la:ga,,,,
,ᎤᏙᏪᎳᎩᏍᏗ,u:dowe:la:gisdi,,,,
,,,,,,
ENTRY,ᎠᏚᎯᏂᏙᎭ,a:duhinido:ha,vi,He is wading.,,
,ᎦᏚᎢᏂᏙᎭ,ga:duʔinido:ha,,,,
,ᎤᏚᎯᏂᏙᎸᎢ,u:duhinidoʔlv̌ʔi,,,,
,ᎠᏚᎯᏂᏙᎰᎢ,a:duhinido:hóʔi,,,,
,ᎭᏚᎯᏂᏓ,ha:duhinida,,,,
,ᎤᏚᎯᏂᏓᏍᏗ,u:duhinidasdi,,,,
,,,,,,
ENTRY,ᎠᏚᎯᏍᏗᎭ,aduhisdiha,vt,He is blaming him.,,
,ᏥᏯᏚᎢᏍᏗᎭ,ji:yaduʔisdiha,,,,
,ᎤᏚᎯᏍᏔᏅᎢ,u:duhistanv̌ʔi,,,,
,ᎠᏚᎯᏍᏗᏍᎪᎢ,aduhisdisgóʔi,,,,
,ᎯᏯᏚᎢᏍᏓ,hi:yaduʔisda,,,,
,ᎤᏚᎯᏍᏙᏗ,u:duhisdo:hdi,,,,
,,,,,,
ENTRY,ᎠᏛᎩᎠ,ahtv:giʔa,vt,He is hearing it.,,
,ᎦᏛᎩᎠ,gaʔtv:giʔa,,,,
,ᎤᏛᎦᏅᎢ,u:htv:gaʔnv̌ʔi,,,,
,ᎠᏛᎩᏍᎪᎢ,ahtv:gisgóʔi,,,,
,ᎭᏛᎦᎦ,hahtv:ga:ga,,,,
,ᎤᏛᎪᏗ,u:htv:go:di,,,,
note,"ᎴᎹᏱ ᎧᏁᎬ <u>ᎤᎾᏛᎦᏅᎩ</u> …
‘A voice in Ramah was <u>heard</u> …
[ᎹᏚ 2:18]",,,,,
,,,,,,
ENTRY,ᎠᏛᎯᏍᏗᎭ,a:tv:hísdiha,vi,"He is rearing up.;
He is raising.",,
,ᎦᏛᎯᏍᏗᎭ,ga:dʔv:hísdiha,,,,
,ᎤᏛᎯᏍᏓᏅᎢ,u:tv:hísdanv̌ʔi,,,,
,ᎠᏛᎯᏍᏗᏍᎪᎢ,a:tv:hísdisgóʔi,,,,
,ᎭᏛᎯᏍᏓ,ha:tv:hísda,,,,
,ᎤᏛᎯᏍᏙᏗ,u:tv:hísdo:hdi,,,,
,,,,,,
ENTRY,ᎠᏛᎳᎦ,a:dv:la:ga,vi,"He is breaking his bone.;
He is spraining his ankle, wrist.",x,
,ᎦᏛᎳᎦ,ga:dv:la:ga,,,,
,ᎤᏛᎳᎦᏒᎢ,u:dv:la:ksv̌ʔi,,,,
,ᎠᏛᎳᎦᏍᎪᎢ,a:dv:la:ksgóʔi,,,,
,ᎭᏛᎳᎦ,ha:dv:la:ga,,,,
,ᎤᏛᎳᎦᏍᏗ,u:dv:la:ksdi,,,,
,,,,,,
ENTRY,ᎠᏛᎵᎭ,a:dv:li:ha,vi,He is breathing.,,
,ᎦᏛᎵᎠ,ga:dv:liʔa,,,,
,ᎤᏛᎸᎥᎢ,u:dv:lvʔv̌ʔi,,,,
,ᎠᏛᎵᏍᎪᎢ,a:dv:li:sgóʔi,,,,
,ᎭᏛᎵ,ha:dv:li,,,,
,ᎤᏛᎵᏗ,u:dv:hldi,,,,
,,,,,,
ENTRY,ᎠᏛᏁᎵᎭ,a:dv:neli:ha,vi,He is acting up.,,
,ᎦᏛᏁᎵᎠ,ga:dv:neliʔa,,,,
,ᎤᏛᏁᎳᏒᎢ,u:dv:nelasv̌ʔi,,,,
,ᎠᏛᏁᎵᏍᎪᎢ,a:dv:neli:sgóʔi,,,,
,ᎭᏛᏁᎳᎦ,ha:dv:nela:ga,,,,
,ᎤᏛᏁᎳᏗ,u:dv:nela:di,,,,
,,,,,,
ENTRY,ᎠᏛᏁᎵᎭ,a:dv:ne:li:ha,vi,He is acting.,,
,ᎦᏛᏁᎵᎠ,ga:dv:ne:liʔa,,,,
,ᎤᏛᏁᎸᏅᎢ,u:dv:ne:lvʔnv̌ʔi,,,,
,ᎠᏛᏁᎵᏍᎪᎢ,a:dv:ne:li:sgóʔi,,,,
,ᎭᏛᏁᎳ,ha:dv:ne:la,,,,
,ᎤᏛᏁᎵᏗ,u:dv:ne:hldi,,,,
,,,,,,
ENTRY,ᎠᏛᏁᎵᏍᎩ,adv:ne:lisgi,n,Actor.,,
,,,,,,
ENTRY,ᎠᏛᏂᏗᎠ,a:dv:hni:diʔa,vi,He is coming back to life.,,
,ᎦᏛᏂᏗᎠ,ga:dvʔni:diʔa,,,,
,ᎤᏛᏂᏛᎢ,u:dv:hni:dv̌ʔi,,,,
,ᎠᏛᏂᏗᏍᎪᎢ,a:dv:hni:disgóʔi,,,,
,ᎭᏛᏂᏓ,ha:dv:hni:da,,,,
,ᎤᏛᏂᏗᏍᏗ,u:dv:hni:disdi,,,,
note,"… ᎠᏍᎦᏂ <u>ᎤᏛᏂᏛᎩ</u>, ᎠᏴᏃ ᎠᎩᏲᎱᏒᎩ.
… the sin <u>revived</u>, and I died;
[ᎶᎻ 7:9]",,,,,
,,,,,,
ENTRY,ᎠᏛᏅᎢᏍᏗᎭ,a:dv:nvʔi:sdiha,vi,He is getting ready.,,
,ᎦᏛᏅᎢᏍᏗᎭ,ga:dv:nvʔiʔsdiha,,,,
,ᎤᏛᏅᎢᏍᏓᏅᎢ,u:dv:nvʔi:sdanv̌ʔi,,,,
,ᎠᏛᏅᎢᏍᏗᏍᎪᎢ,a:dv:nvʔi:sdisgóʔi,,,,
,ᎭᏛᏅᎢᏍᏓ,ha:dv:nvʔi:sda,,,,
,ᎤᏛᏅᎢᏍᏙᏗ,u:dv:nvʔi:sdo:hdi,,,,
note,"… ᏗᏇᏅᏒ ᏔᏘᏄᎦ ᎯᎠ ᎠᏂᏍᎦᏯ, ᎠᎴ ᏘᎷᎦ ᎠᎴ <u>ᎭᏛᏅᎢᏍᏓ</u> …
… 'Bring the men into the house, and slaughter an animal, and <u>make ready</u> …
[ᎼᏏ ᎢᎬᏱᏱ]",,,,,
,,,,,,
ENTRY,ᎠᏛᏍᎦ,a:tv:sga,vi,He is growing.,x,
,ᎦᏛᏍᎦ,ga:dv:sga,,,,
,ᎤᏛᏒᎢ,u:tv:sv̌ʔi,,,,
,ᎠᏛᏍᎪᎢ,a:tv:sgóʔi,,,,
,ᎭᏛᎯ,ha:tv:hi,,,,
,ᎤᏛᎯᏍᏗ,u:tv:hisdi,,,,
,,,,,,
ENTRY,ᎠᏛᏍᏆᎶᎠ,advsgwaloʔa,vi,It is cracking.,x,
,-,,,,Changed to match Francis ᏒᎢ,
,ᎤᏛᏍᏆᎶᏒᎢ,u:dvsgwalo:sv̌ʔi,,,,
,ᎠᏛᏍᏆᎶᏍᎪᎢ,advsgwalo:sgóʔi,,,,
,ᏩᏛᏍᏆᎳ,wadvsgwala,,,,
,ᎤᏛᏍᏆᎶᏍᏗ,u:dvsgwalo:sdi,,,,
,,,,,,
ENTRY,ᎠᏛᏓᎾ,adv:daʔna,n,Brick.,,
,,,,,,
ENTRY,ᎠᏛᏓᏍᏗᎭ,a:tv:da:sdiha,vt,He is listening.,,
,ᎦᏛᏓᏍᏗᎭ,ga:dʔv:da:sdiha,,,,
,ᎤᏛᏓᏍᏓᏅᎢ,u:tv:da:sdanv̌ʔi,,,,
,ᎠᏛᏓᏍᏗᏍᎪᎢ,a:tv:da:sdisgóʔi,,,,
,ᎭᏛᏓᏍᏓ,ha:tv:da:sda,,,,
,ᎤᏛᏓᏍᏙᏗ,u:tv:da:sdo:hdi,,,,
note,"ᎯᎠᏃ ᏂᏚᏪᏎᎴᎢ; Ꭷ, <u>ᎢᏣᏛᏓᏍᏓ</u> ᎯᎠ ᎾᏍᎩ ᎠᏆᏍᎩᏓᏒᎢ.
And he saith unto them, '<u>Hear</u> ye, I pray you, this dream which I have dreamed:
[ᎼᏏ ᎢᎬᏱᏱ 37:6]",,,,,
,,,,,,
ENTRY,ᎠᏛᏙᏩ,adv:towa,n,"Moth.;
biol. <em>All Varieties.</em>",,
,,,,,,
ENTRY,ᎠᏣ ᎠᎩᏍᏙᏍᏗ,a:ja agisdo:sdi,n,Chewing gum.,,
,,,,,,
ENTRY,ᎠᏣᎦᏍᎦ,*a:hjáksga,vt,"He is clearing a path.;
He is cutting weeds.;
He is mowing.",x,
,ᏥᏣᎦᏍᎦ,*jijáksga,,,t vs d ?,
,ᎤᏣᎦᏒᎢ,*u:hjáksv̌ʔi,,,,
,ᎠᏣᎦᏍᎪᎢ,*a:hjáksgóʔi,,,,
,ᎯᏣᎦ,hihjága,,,,
,ᎤᏣᎦᏍᏗ,*u:hjáksdi,,,,
,,,,,,
ENTRY,ᎠᏣᎯ,a:jahi,n,"Rubber, pitch, gum.",,
,,,,,,
ENTRY,ᎦᏣᏄᎵᏗᎠ,gajanú:ldiʔa,vt,He is speeding it up.,,
,ᏥᏣᏄᎵᏗᎠ,jijanú:ldiʔa,,,,
,ᎤᏣᏄᎵᏛᎢ,u:janú:ldv̌ʔi,,,,
,ᎠᏣᏄᎵᏗᏍᎪᎢ,*gajanú:ldisgóʔi,,,,
,ᎯᏣᏄᎵᏓ,hijanú:lda,,,,
,ᎤᏣᏄᎵᏗᏍᏗ,u:janú:ldisdi,,,,
,,,,,,
ENTRY,ᎠᏣᏗ,ajadi,n,"Fish.;
biol. <em>All Varieties.</em>",x,
note,"… ᎾᏍᎩᏃ ᎤᏂᎬᏫᏳᎯ ᎨᏎᏍᏗ <u>ᎠᏣᏗ</u> ᎠᎺᏉᎯ ᎠᏁᎲᎢ …
… and let them rule over <u>fish</u> of the sea …
[ᎼᏏ ᎢᎬᏱᏱ 1:26]",,,,,
,,,,,,
ENTRY,ᎠᏣᏗ ᎠᏂᏆᏔ,aja:di ani:gwa:ta,n,"Yellow fringed orchid.;
biol. <em>Platanthera ciliaris.</em>",x,
,,,,,,
ENTRY,ᎠᏣ ᏗᏓᎾᎩᏍᎩ,a:ja di:danagi:sgi,n,Elastic.,x,
,,,,,,
ENTRY,ᎠᏣᏯᎩᎠ,a:jaʔyakiʔa,vi,He is kicking up his leg.,x,
,ᎦᏣᏯᎩᎠ,ga:jaʔyakiʔa,,,,
,ᎤᏣᏯᎩᏒᎢ,u:jaʔyaki:sv̌ʔi,,,,
,ᎠᏣᏯᎩᏍᎪᎢ,a:jaʔyaki:sgóʔi,,,,
,ᎭᏣᏯᎩ,ha:jaʔyaki,,,,
,ᎤᏣᏯᎩᏍᏗ,u:jaʔyaki:sdi,,,,
,,,,,,
ENTRY,ᎠᏣᏲᎵᎭ,ajayóhliha,vt,"He is sticking it.;
He is pricking it.",x,
,ᏥᏣᏲᎵᎭ,jijayóliha,,,,
,ᎤᏣᏲᎸᎢ,u:jayóhlv̌ʔi,,,,
,ᎠᏣᏲᎵᎰᎢ,ajayóhlihóʔi,,,,
,ᎯᏣᏲᎭᎦ,hijayóha:ga,,,,
,ᎤᏣᏲᏍᏗ,u:jayósdi,,,,
,,,,,,
ENTRY,ᎠᏤ ᎤᎾᏕᏘᏱᏍᎬᎢ,aje unade:tiyisgvʔi,n,New year.,,
,,,,,,
ENTRY,ᎠᏤᎯ,aje:hi,n,"New.;
Green (of plants).",,
,,,,,,
ENTRY,ᎠᏤ ᏅᏙ,aje nv:do,n,New moon.,,
,,,,,,
ENTRY,ᎠᏤᏌᏙ,aje:sado,n,Apron.,,
,,,,,,
ENTRY,ᎠᏤᏍᏙ,ajesdo,n,Mattress.,,
note,"ᎬᏲᏎᎭ, ᏔᎴᎲᎦ, ᎠᎴ ᎯᎾᎩ <u>ᏣᏤᏍᏙ</u>, ᎠᎴ ᏗᏤᏅᏒ ᏫᎶᎯ.
I say to thee, Rise, and take up <u>thy couch</u>, and go away to thy house;’
[ᎹᎦ 2:4]",,,,,
,,,,,,
